# SPT ID	RA	DEC	SN_150_GHz	Type	Extended
SPT-S J000038-5347.2	0.161	-53.788000000000004	2.59	sync	no
SPT-S J000119-5345.1	0.332	-53.751999999999995	1.48	sync	no
SPT-S J000156-5143.6	0.485	-51.727	0.0	dust	no
SPT-S J000212-5927.5	0.5529999999999999	-59.458	6.53	sync	no
SPT-S J000253-5948.2	0.722	-59.805	66.12	sync	no
SPT-S J000254-5621.3	0.725	-56.355	7.41	sync	no
SPT-S J000303-5530.1	0.7659999999999999	-55.503	14.37	sync	no
SPT-S J000309-5258.2	0.79	-52.971000000000004	5.92	sync	no
SPT-S J000310-5444.9	0.792	-54.748999999999995	25.87	sync	yes
SPT-S J000313-5905.8	0.805	-59.098	10.31	sync	no
SPT-S J000357-5343.7	0.9890000000000001	-53.729	14.58	sync	no
SPT-S J000413-5255.0	1.058	-52.917	21.92	sync	no
SPT-S J020144-6316.2	30.436	-63.272	3.75	sync	no
SPT-S J020154-6033.5	30.478	-60.56	6.54	sync	no
SPT-S J020154-6346.5	30.478	-63.776	7.68	sync	no
SPT-S J020203-6051.1	30.513	-60.853	3.02	sync	no
SPT-S J020208-6051.6	30.534000000000002	-60.861000000000004	4.57	sync	no
SPT-S J020227-6320.3	30.614	-63.34	12.77	sync	no
SPT-S J020233-6246.3	30.641	-62.772	1.47	dust	no
SPT-S J020252-6323.4	30.717	-63.39	6.01	sync	no
SPT-S J020259-6121.1	30.747	-61.353	12.27	dust	no
SPT-S J020302-5726.7	30.759	-57.446000000000005	6.59	sync	no
SPT-S J020315-5722.9	30.815	-57.382	4.68	sync	no
SPT-S J020317-5557.2	30.824	-55.953	19.78	sync	no
SPT-S J020343-6155.9	30.93	-61.931999999999995	11.56	sync	no
SPT-S J020411-5802.6	31.046	-58.045	7.95	sync	no
SPT-S J020448-5502.8	31.201999999999998	-55.047	30.63	sync	yes
SPT-S J020454-5619.7	31.226	-56.33	5.19	sync	no
SPT-S J020514-5558.9	31.31	-55.983000000000004	2.25	sync	no
SPT-S J020514-5558.1	31.311999999999998	-55.97	6.35	sync	no
SPT-S J020541-5531.9	31.424	-55.533	14.35	sync	no
SPT-S J020549-5551.5	31.456	-55.858000000000004	19.67	sync	no
SPT-S J020639-6143.5	31.666	-61.726000000000006	105.21	sync	no
SPT-S J020640-5749.7	31.671	-57.82899999999999	5.89	sync	no
SPT-S J020650-6442.7	31.71	-64.71300000000001	4.54	sync	no
SPT-S J020711-5712.0	31.796999999999997	-57.201	2.94	sync	no
SPT-S J020721-5751.3	31.842	-57.855	3.35	dust	no
SPT-S J020750-6425.9	31.96	-64.433	4.8	sync	no
SPT-S J020800-6216.5	32.004	-62.277	40.85	sync	no
SPT-S J020808-5703.9	32.037	-57.066	4.51	sync	no
SPT-S J020911-6229.3	32.299	-62.488	7.61	sync	no
SPT-S J020955-5525.8	32.481	-55.431000000000004	6.58	sync	no
SPT-S J021121-5943.0	32.838	-59.717	6.58	sync	no
SPT-S J021126-6156.4	32.86	-61.941	3.51	sync	no
SPT-S J021204-6146.8	33.021	-61.781000000000006	4.57	sync	no
SPT-S J021244-5807.6	33.186	-58.128	4.53	sync	no
SPT-S J021251-6006.1	33.215	-60.103	6.95	sync	no
SPT-S J021359-6118.1	33.496	-61.303000000000004	12.3	sync	no
SPT-S J021406-6226.0	33.528	-62.434	4.55	sync	no
SPT-S J021410-5822.0	33.543	-58.368	40.05	sync	no
SPT-S J021416-6149.5	33.567	-61.826	338.74	sync	no
SPT-S J021431-6404.7	33.632	-64.079	2.6	dust	no
SPT-S J021450-5454.2	33.711999999999996	-54.903999999999996	0.8	dust	no
SPT-S J021457-6122.3	33.74	-61.372	4.72	sync	no
SPT-S J021457-6012.2	33.741	-60.203	11.08	sync	no
SPT-S J021514-6414.4	33.81	-64.241	6.89	sync	no
SPT-S J021709-5718.2	34.29	-57.303999999999995	17.48	sync	no
SPT-S J021727-5951.6	34.364000000000004	-59.86	20.75	sync	no
SPT-S J021834-5503.7	34.644	-55.063	28.05	sync	no
SPT-S J021843-6207.7	34.681999999999995	-62.13	2.43	dust	no
SPT-S J021910-5549.6	34.792	-55.828	5.66	sync	no
SPT-S J021937-6156.3	34.905	-61.93899999999999	5.68	sync	no
SPT-S J021956-6054.4	34.986999999999995	-60.907	0.0	sync	no
SPT-S J021958-5839.8	34.995	-58.663999999999994	11.96	sync	no
SPT-S J022053-6330.3	35.224000000000004	-63.505	151.94	sync	no
SPT-S J022135-6436.6	35.398	-64.611	2.41	dust	no
SPT-S J022150-5647.4	35.461999999999996	-56.79	86.09	sync	no
SPT-S J022157-6405.5	35.489000000000004	-64.092	25.61	sync	yes
SPT-S J022203-5836.4	35.513000000000005	-58.608000000000004	6.06	sync	no
SPT-S J022247-6041.1	35.696	-60.68600000000001	20.48	sync	no
SPT-S J022332-5606.4	35.885	-56.107	15.59	sync	no
SPT-S J022335-6419.9	35.899	-64.332	9.02	sync	no
SPT-S J022341-5600.3	35.922	-56.006	5.74	sync	no
SPT-S J022353-5913.6	35.973	-59.227	5.15	sync	no
SPT-S J022413-6515.9	36.056999999999995	-65.265	4.76	dust	no
SPT-S J022526-5710.2	36.359	-57.17	5.13	sync	no
SPT-S J022528-5722.3	36.371	-57.373000000000005	4.76	sync	no
SPT-S J022552-5953.5	36.467	-59.891999999999996	5.23	sync	no
SPT-S J022612-6442.5	36.552	-64.709	0.61	dust	no
SPT-S J022626-5913.8	36.61	-59.231	5.34	sync	no
SPT-S J022627-5609.6	36.615	-56.161	4.59	sync	no
SPT-S J022649-6120.6	36.708	-61.343999999999994	11.28	sync	no
SPT-S J022652-6016.2	36.717	-60.27	12.74	sync	no
SPT-S J022705-6331.6	36.772	-63.527	8.25	sync	no
SPT-S J022706-6118.0	36.775	-61.301	7.92	sync	no
SPT-S J022752-6127.8	36.97	-61.465	5.06	sync	no
SPT-S J022755-6158.0	36.98	-61.967	7.58	sync	no
SPT-S J022757-6329.9	36.99	-63.498999999999995	4.51	sync	no
SPT-S J022821-5537.4	37.089	-55.623999999999995	25.32	sync	no
SPT-S J022821-5546.0	37.091	-55.768	113.5	sync	yes
SPT-S J022840-5808.5	37.169000000000004	-58.143	4.54	sync	no
SPT-S J022925-6407.4	37.355	-64.124	6.03	sync	no
SPT-S J023008-5951.3	37.537	-59.855	8.32	sync	no
SPT-S J023011-6214.4	37.549	-62.24100000000001	56.37	sync	no
SPT-S J023018-6101.7	37.577	-61.028999999999996	2.25	sync	no
SPT-S J023048-6301.3	37.702	-63.023	0.0	dust	no
SPT-S J023109-5755.1	37.789	-57.919	43.57	sync	no
SPT-S J023116-5840.9	37.821	-58.683	50.19	sync	no
SPT-S J023132-5618.9	37.885	-56.316	4.52	sync	no
SPT-S J023138-5726.3	37.91	-57.44	4.5	sync	no
SPT-S J023209-5939.1	38.041	-59.653	1.17	sync	no
SPT-S J023309-5603.8	38.289	-56.065	6.28	sync	no
SPT-S J023444-5700.7	38.687	-57.012	1.91	dust	no
SPT-S J023452-5710.6	38.718	-57.177	4.63	sync	no
SPT-S J023524-5547.9	38.852	-55.799	2.37	dust	no
SPT-S J023608-5911.4	39.036	-59.191	5.3	sync	no
SPT-S J023653-6136.1	39.221	-61.602	267.12	sync	no
SPT-S J023714-6512.2	39.312	-65.205	5.49	sync	no
SPT-S J023800-5717.3	39.501999999999995	-57.288999999999994	6.97	sync	no
SPT-S J023809-6039.0	39.541	-60.651	4.54	sync	no
SPT-S J023837-6034.9	39.656	-60.582	4.56	sync	no
SPT-S J024021-5836.9	40.088	-58.61600000000001	4.55	sync	no
SPT-S J024052-6104.2	40.22	-61.071000000000005	5.45	sync	no
SPT-S J024113-5910.4	40.304	-59.174	5.56	dust	no
SPT-S J024217-6357.5	40.571999999999996	-63.958	7.49	sync	no
SPT-S J024221-5507.3	40.588	-55.122	10.6	sync	no
SPT-S J024324-5738.8	40.852	-57.648	20.99	sync	no
SPT-S J024326-5612.6	40.861999999999995	-56.211999999999996	30.66	sync	no
SPT-S J024439-5819.8	41.167	-58.331	10.76	sync	no
SPT-S J024448-6058.8	41.201	-60.981	6.4	sync	no
SPT-S J024453-5947.9	41.223	-59.799	25.27	sync	no
SPT-S J024507-5544.5	41.282	-55.742	7.43	dust	no
SPT-S J024544-6320.6	41.434	-63.345	5.41	dust	no
SPT-S J024618-5527.4	41.576	-55.458	3.97	dust	no
SPT-S J024639-5955.6	41.665	-59.927	6.19	sync	no
SPT-S J024655-5541.2	41.73	-55.687	6.34	sync	no
SPT-S J024709-6325.6	41.791000000000004	-63.427	37.7	sync	no
SPT-S J024825-5656.1	42.105	-56.935	0.75	dust	no
SPT-S J024838-6209.4	42.162	-62.157	3.91	sync	no
SPT-S J024852-5457.1	42.217	-54.952	5.41	sync	no
SPT-S J024859-5551.3	42.248000000000005	-55.856	5.01	sync	no
SPT-S J024916-6317.3	42.32	-63.29	0.62	dust	no
SPT-S J024929-6020.9	42.373000000000005	-60.35	6.09	sync	no
SPT-S J024934-5948.6	42.391999999999996	-59.81	1.59	sync	no
SPT-S J024948-5556.3	42.452	-55.938	17.37	sync	no
SPT-S J024955-6023.1	42.48	-60.386	14.66	sync	no
SPT-S J025035-6355.0	42.647	-63.917	27.46	sync	no
SPT-S J025050-5455.3	42.708999999999996	-54.923	4.99	sync	no
SPT-S J025126-6000.1	42.858999999999995	-60.001999999999995	125.57	sync	no
SPT-S J025139-6400.4	42.915	-64.008	5.11	sync	no
SPT-S J025222-5756.9	43.095	-57.949	1.35	dust	no
SPT-S J025228-5508.0	43.12	-55.13399999999999	5.03	sync	no
SPT-S J025250-6402.8	43.208999999999996	-64.047	16.4	sync	no
SPT-S J025307-5854.0	43.283	-58.901	4.62	sync	no
SPT-S J025345-6513.1	43.44	-65.22	14.88	sync	no
SPT-S J025405-5925.6	43.523	-59.427	7.9	sync	no
SPT-S J025615-6453.8	44.065	-64.898	12.08	sync	no
SPT-S J025651-6028.5	44.215	-60.476000000000006	5.16	sync	no
SPT-S J025710-6345.1	44.295	-63.753	10.52	sync	no
SPT-S J025736-6112.5	44.401	-61.208999999999996	36.47	sync	no
SPT-S J025824-6018.3	44.6	-60.306000000000004	6.28	sync	no
SPT-S J025855-6133.5	44.732	-61.559	1.99	dust	no
SPT-S J025931-6046.2	44.881	-60.771	0.0	dust	no
SPT-S J025955-6022.2	44.981	-60.37	5.6	sync	no
SPT-S J030013-6512.8	45.056999999999995	-65.214	2.71	dust	no
SPT-S J030024-6047.9	45.104	-60.799	6.0	sync	no
SPT-S J030032-6510.7	45.137	-65.18	3.7	sync	no
SPT-S J030051-6153.7	45.216	-61.896	6.89	sync	no
SPT-S J030056-5457.6	45.236999999999995	-54.96	7.09	sync	no
SPT-S J030104-6319.1	45.269	-63.32	4.68	sync	no
SPT-S J030120-6233.6	45.336000000000006	-62.56	4.78	dust	no
SPT-S J030232-6022.8	45.635	-60.38	4.82	sync	no
SPT-S J030318-6138.0	45.825	-61.633	8.81	sync	no
SPT-S J030318-5640.3	45.827	-56.673	4.52	dust	no
SPT-S J030322-6413.3	45.843999999999994	-64.223	4.61	sync	no
SPT-S J030326-5918.7	45.861000000000004	-59.312	3.41	dust	no
SPT-S J030333-6411.4	45.888999999999996	-64.191	14.71	sync	no
SPT-S J030336-6214.6	45.902	-62.244	18.12	sync	no
SPT-S J030349-6211.4	45.955	-62.19	685.69	sync	no
SPT-S J030349-6458.9	45.955	-64.982	73.37	sync	no
SPT-S J030415-5454.4	46.063	-54.907	6.89	sync	no
SPT-S J030458-6035.9	46.242	-60.599	9.76	sync	no
SPT-S J030547-5813.4	46.449	-58.224	4.56	sync	no
SPT-S J030615-5528.1	46.565	-55.468	55.87	sync	no
SPT-S J030634-6507.3	46.641999999999996	-65.123	7.57	sync	no
SPT-S J030642-5458.0	46.678999999999995	-54.968	4.61	sync	no
SPT-S J030655-5527.5	46.731	-55.46	4.68	sync	no
SPT-S J030703-5705.1	46.763000000000005	-57.086999999999996	32.31	sync	no
SPT-S J030742-6305.2	46.927	-63.086999999999996	4.88	sync	no
SPT-S J030743-6110.5	46.928999999999995	-61.176	5.6	sync	no
SPT-S J030843-5921.8	47.181000000000004	-59.364	0.8	dust	no
SPT-S J030848-5623.3	47.2	-56.388999999999996	1.79	dust	no
SPT-S J030904-6339.3	47.268	-63.656000000000006	3.15	dust	no
SPT-S J030921-5753.2	47.34	-57.887	0.79	dust	no
SPT-S J030921-5956.9	47.34	-59.949	7.34	sync	no
SPT-S J030954-6058.5	47.478	-60.977	465.4	sync	no
SPT-S J031010-5730.6	47.544	-57.511	27.23	sync	no
SPT-S J031016-6340.2	47.567	-63.67100000000001	3.99	sync	no
SPT-S J031042-5639.3	47.678999999999995	-56.656000000000006	6.15	sync	no
SPT-S J031134-5823.5	47.893	-58.391999999999996	6.67	dust	no
SPT-S J031149-6320.6	47.958	-63.345	4.59	sync	no
SPT-S J031153-5632.0	47.975	-56.534	8.05	sync	no
SPT-S J031155-6200.8	47.982	-62.013999999999996	23.77	sync	yes
SPT-S J031157-5632.3	47.989	-56.538999999999994	2.34	sync	no
SPT-S J031207-5541.5	48.03	-55.692	72.36	sync	no
SPT-S J031207-6255.7	48.031000000000006	-62.928999999999995	6.7	sync	no
SPT-S J031219-6123.3	48.081	-61.39	6.3	sync	no
SPT-S J031247-6104.8	48.198	-61.08	6.88	dust	no
SPT-S J031305-5721.2	48.272	-57.355	9.37	dust	yes
SPT-S J031331-5613.6	48.38	-56.227	4.14	sync	no
SPT-S J031350-5541.9	48.458	-55.699	2.71	dust	no
SPT-S J031428-5749.7	48.619	-57.82899999999999	6.03	sync	no
SPT-S J031453-6254.4	48.722	-62.907	4.54	sync	no
SPT-S J031523-6100.2	48.847	-61.003	1.84	dust	no
SPT-S J031606-6109.7	49.028	-61.162	1.74	dust	no
SPT-S J031614-6437.5	49.06100000000001	-64.626	8.32	sync	no
SPT-S J031634-6503.6	49.143	-65.061	8.66	sync	no
SPT-S J031638-6013.6	49.161	-60.227	11.55	sync	no
SPT-S J031639-6158.7	49.166000000000004	-61.979	1.68	dust	no
SPT-S J031643-6402.4	49.18	-64.041	0.0	dust	no
SPT-S J031704-5800.8	49.269	-58.015	13.28	sync	no
SPT-S J031704-6209.9	49.271	-62.165	1.3	sync	no
SPT-S J031706-5801.4	49.276	-58.023	2.62	dust	no
SPT-S J031723-6331.8	49.348	-63.53	7.07	sync	no
SPT-S J031739-5547.1	49.413000000000004	-55.786	4.59	sync	no
SPT-S J031743-6513.1	49.431999999999995	-65.22	1.71	dust	no
SPT-S J031744-5726.8	49.43600000000001	-57.448	5.54	dust	no
SPT-S J031745-5506.3	49.438	-55.107	10.61	sync	no
SPT-S J031810-5710.4	49.544	-57.175	13.95	sync	no
SPT-S J031831-5609.7	49.63	-56.162	10.81	sync	no
SPT-S J031858-5650.5	49.742	-56.842	19.85	sync	no
SPT-S J031902-5930.1	49.75899999999999	-59.503	4.56	sync	no
SPT-S J032022-6420.1	50.093999999999994	-64.337	5.82	sync	no
SPT-S J032101-6239.6	50.257	-62.662	7.21	sync	no
SPT-S J032151-5819.1	50.463	-58.318999999999996	7.56	sync	no
SPT-S J032201-6245.0	50.506	-62.751000000000005	7.99	sync	no
SPT-S J032213-6307.7	50.556999999999995	-63.129	34.03	sync	no
SPT-S J032242-5900.4	50.676	-59.008	19.91	sync	no
SPT-S J032307-6026.4	50.781000000000006	-60.441	93.65	sync	yes
SPT-S J032342-6236.3	50.926	-62.606	4.51	sync	no
SPT-S J032405-5520.7	51.023999999999994	-55.346000000000004	4.93	sync	no
SPT-S J032522-5629.0	51.345	-56.483999999999995	15.59	sync	no
SPT-S J032523-5635.6	51.347	-56.593999999999994	23.83	sync	no
SPT-S J032642-6224.2	51.675	-62.405	14.54	sync	no
SPT-S J032743-5751.3	51.931000000000004	-57.855	4.54	sync	no
SPT-S J032750-6032.5	51.96	-60.543	6.26	sync	no
SPT-S J032819-5758.6	52.082	-57.977	6.21	sync	no
SPT-S J032826-6201.1	52.111000000000004	-62.019	5.64	sync	no
SPT-S J032838-6447.4	52.159	-64.791	3.63	dust	no
SPT-S J032842-6058.8	52.176	-60.981	5.7	sync	no
SPT-S J032931-5826.1	52.383	-58.43600000000001	7.53	sync	no
SPT-S J032938-5853.2	52.412	-58.888000000000005	27.2	sync	no
SPT-S J032941-6203.9	52.422	-62.065	2.97	dust	no
SPT-S J032945-5842.1	52.438	-58.702	2.5	dust	no
SPT-S J032949-5609.1	52.458	-56.152	1.18	dust	no
SPT-S J033047-5635.6	52.699	-56.593999999999994	4.7	sync	no
SPT-S J033056-5512.8	52.736000000000004	-55.213	1.92	dust	no
SPT-S J033117-6155.3	52.825	-61.923	19.76	sync	no
SPT-S J033134-5922.4	52.893	-59.373000000000005	7.04	sync	no
SPT-S J033144-6517.9	52.937	-65.3	13.98	sync	no
SPT-S J033159-6234.1	52.998999999999995	-62.568999999999996	2.41	dust	no
SPT-S J033216-6132.6	53.067	-61.544	18.38	sync	no
SPT-S J033252-5535.4	53.217	-55.591	4.5	sync	no
SPT-S J033253-6412.3	53.221000000000004	-64.207	8.23	sync	no
SPT-S J033254-5805.7	53.227	-58.095	23.24	sync	no
SPT-S J033311-5634.7	53.298	-56.57899999999999	9.93	sync	no
SPT-S J033443-5925.8	53.681999999999995	-59.431000000000004	5.54	sync	no
SPT-S J033506-5552.2	53.778999999999996	-55.872	10.07	sync	no
SPT-S J033511-5812.7	53.8	-58.211999999999996	5.33	sync	no
SPT-S J033513-6008.0	53.808	-60.135	14.77	sync	no
SPT-S J033634-5756.5	54.143	-57.942	5.06	sync	no
SPT-S J033658-5605.0	54.242	-56.085	5.12	dust	no
SPT-S J033658-6143.2	54.243	-61.721000000000004	5.0	sync	no
SPT-S J033714-6416.4	54.31100000000001	-64.273	10.87	sync	no
SPT-S J033740-5840.6	54.42	-58.677	10.08	sync	no
SPT-S J033746-6402.6	54.443000000000005	-64.045	4.8	sync	no
SPT-S J033749-5601.2	54.455	-56.021	0.0	sync	no
SPT-S J033853-6406.4	54.724	-64.108	4.86	sync	no
SPT-S J033913-5458.0	54.806000000000004	-54.968	9.16	sync	no
SPT-S J034031-6136.4	55.131	-61.607	3.47	dust	no
SPT-S J034056-6041.2	55.235	-60.687	4.74	sync	no
SPT-S J034121-5954.1	55.341	-59.902	20.06	sync	no
SPT-S J034129-6502.9	55.373999999999995	-65.048	4.72	sync	no
SPT-S J034137-5534.3	55.405	-55.573	9.59	sync	no
SPT-S J034159-6336.1	55.497	-63.602	9.7	sync	no
SPT-S J034227-6244.8	55.614	-62.748000000000005	0.0	sync	no
SPT-S J034242-5850.5	55.676	-58.842	4.81	sync	no
SPT-S J034253-5945.5	55.722	-59.75899999999999	4.52	sync	no
SPT-S J034319-6442.8	55.831	-64.714	19.68	sync	no
SPT-S J034321-5600.3	55.841	-56.005	5.91	sync	no
SPT-S J034325-6303.3	55.856	-63.056000000000004	7.98	sync	no
SPT-S J034327-6450.5	55.86600000000001	-64.842	7.96	sync	no
SPT-S J034335-5503.1	55.898	-55.052	5.42	sync	no
SPT-S J034406-6334.6	56.026	-63.578	5.74	sync	no
SPT-S J034430-5553.0	56.126999999999995	-55.88399999999999	5.31	sync	no
SPT-S J034449-6247.7	56.208	-62.795	21.26	sync	no
SPT-S J034451-5907.7	56.215	-59.128	4.61	dust	no
SPT-S J034454-6513.3	56.228	-65.222	4.74	sync	no
SPT-S J034557-5746.5	56.489	-57.776	0.43	dust	no
SPT-S J034632-5458.0	56.635	-54.967	9.32	sync	no
SPT-S J034650-6113.0	56.711000000000006	-61.217	0.38	dust	no
SPT-S J034754-6507.6	56.978	-65.127	4.62	sync	no
SPT-S J034926-5740.7	57.361000000000004	-57.678999999999995	1.47	dust	no
SPT-S J035022-5816.4	57.593999999999994	-58.273999999999994	14.35	sync	no
SPT-S J035055-6217.1	57.73	-62.285	0.0	sync	no
SPT-S J035056-6209.3	57.735	-62.156000000000006	6.77	sync	no
SPT-S J035059-6421.0	57.75	-64.35	4.56	sync	no
SPT-S J035100-6420.2	57.751999999999995	-64.337	9.57	sync	yes
SPT-S J035103-6102.5	57.766000000000005	-61.043	0.41	sync	no
SPT-S J035147-5504.2	57.946999999999996	-55.07	2.04	dust	no
SPT-S J035152-5937.7	57.968	-59.63	52.66	sync	no
SPT-S J035237-6058.4	58.157	-60.974	9.94	sync	no
SPT-S J035239-6043.0	58.166000000000004	-60.717	4.7	sync	no
SPT-S J035311-6232.8	58.3	-62.548	8.05	sync	no
SPT-S J035329-6356.9	58.373000000000005	-63.949	5.83	sync	no
SPT-S J035351-5922.4	58.465	-59.373999999999995	4.54	sync	no
SPT-S J035523-6044.7	58.847	-60.745	5.9	sync	no
SPT-S J035549-6330.9	58.957	-63.515	28.36	sync	no
SPT-S J035706-5929.0	59.275	-59.483999999999995	10.6	sync	no
SPT-S J035813-5952.4	59.556999999999995	-59.873000000000005	18.93	sync	no
SPT-S J035901-6154.3	59.754	-61.906000000000006	20.82	sync	no
SPT-S J035924-5757.4	59.854	-57.958	13.24	sync	no
SPT-S J040037-6412.7	60.158	-64.21300000000001	7.02	sync	no
SPT-S J040040-5757.3	60.168	-57.956	6.46	sync	no
SPT-S J040124-6110.1	60.351000000000006	-61.169	19.8	sync	no
SPT-S J040141-6121.4	60.424	-61.358000000000004	0.25	dust	no
SPT-S J040146-5927.1	60.443000000000005	-59.453	30.67	sync	no
SPT-S J040151-6430.5	60.466	-64.51	19.33	sync	no
SPT-S J040152-5808.0	60.47	-58.13399999999999	5.14	sync	no
SPT-S J040233-6218.6	60.638000000000005	-62.31100000000001	5.11	sync	no
SPT-S J040239-6240.9	60.667	-62.683	2.21	dust	no
SPT-S J040257-5710.3	60.739	-57.173	0.51	sync	no
SPT-S J040305-6347.5	60.775	-63.793	11.77	sync	no
SPT-S J040321-6305.5	60.841	-63.093	9.01	sync	no
SPT-S J040331-5849.9	60.883	-58.833	4.27	dust	no
SPT-S J040401-5520.4	61.004	-55.34	16.92	sync	no
SPT-S J040447-5948.9	61.198	-59.816	5.02	dust	no
SPT-S J040510-5919.8	61.295	-59.331	6.75	sync	no
SPT-S J040514-5957.8	61.312	-59.964	5.41	sync	no
SPT-S J040539-6059.6	61.416000000000004	-60.995	5.24	sync	no
SPT-S J040612-5458.9	61.551	-54.983000000000004	3.88	sync	no
SPT-S J040613-5755.5	61.555	-57.926	4.61	sync	no
SPT-S J040644-6218.0	61.685	-62.301	1.34	sync	no
SPT-S J040659-5908.8	61.748000000000005	-59.148	5.14	sync	no
SPT-S J040749-6306.4	61.958	-63.108000000000004	7.29	sync	no
SPT-S J040949-5616.1	62.457	-56.27	4.56	sync	no
SPT-S J041100-5751.2	62.753	-57.854	5.78	sync	no
SPT-S J041158-6436.1	62.995	-64.602	5.17	sync	no
SPT-S J041248-5616.6	63.203	-56.277	40.9	sync	no
SPT-S J041250-5600.8	63.208	-56.015	14.79	sync	no
SPT-S J041250-6358.0	63.211000000000006	-63.967	5.77	sync	no
SPT-S J041254-5828.0	63.228	-58.467	6.58	sync	no
SPT-S J041310-6424.4	63.292	-64.408	5.02	sync	no
SPT-S J041334-6457.2	63.391999999999996	-64.954	3.64	sync	no
SPT-S J041337-6457.6	63.405	-64.961	5.15	sync	no
SPT-S J041352-5657.9	63.468	-56.966	45.64	sync	no
SPT-S J041355-5523.9	63.48	-55.398999999999994	4.55	sync	no
SPT-S J041437-5603.6	63.655	-56.062	13.74	dust	no
SPT-S J041441-6130.8	63.672	-61.515	6.38	sync	no
SPT-S J041441-6349.7	63.674	-63.83	4.86	sync	no
SPT-S J041457-5608.0	63.739	-56.135	5.74	sync	no
SPT-S J041558-6446.6	63.995	-64.778	13.13	sync	no
SPT-S J041623-6012.4	64.097	-60.207	7.47	dust	no
SPT-S J041628-6455.5	64.12	-64.926	7.65	sync	no
SPT-S J041648-5847.1	64.20100000000001	-58.786	4.72	sync	no
SPT-S J041736-6246.8	64.4	-62.781000000000006	27.53	dust	yes
SPT-S J041752-5556.4	64.467	-55.941	3.31	dust	yes
SPT-S J041754-5555.6	64.47800000000001	-55.927	5.94	dust	no
SPT-S J041801-5849.2	64.508	-58.821000000000005	3.85	sync	no
SPT-S J041846-5921.4	64.692	-59.358000000000004	7.18	sync	no
SPT-S J041907-5906.6	64.779	-59.111000000000004	20.8	sync	no
SPT-S J041936-5711.6	64.904	-57.195	7.95	sync	no
SPT-S J041959-6143.0	64.999	-61.718	0.39	sync	no
SPT-S J041959-5456.2	64.999	-54.938	19.51	dust	yes
SPT-S J042001-5636.2	65.006	-56.605	5.87	sync	no
SPT-S J042015-5511.5	65.063	-55.193000000000005	8.21	sync	no
SPT-S J042025-6513.9	65.105	-65.232	31.02	sync	no
SPT-S J042041-5756.2	65.17399999999999	-57.938	10.31	sync	no
SPT-S J042045-5557.1	65.19	-55.952	12.07	sync	no
SPT-S J042056-6223.4	65.234	-62.391999999999996	12.82	sync	yes
SPT-S J042113-5956.0	65.305	-59.934	4.51	sync	no
SPT-S J042152-5842.8	65.467	-58.714	7.31	sync	no
SPT-S J042202-5621.2	65.51100000000001	-56.355	19.39	sync	yes
SPT-S J042209-5954.1	65.538	-59.902	5.41	sync	no
SPT-S J042222-5846.8	65.592	-58.781000000000006	4.58	sync	no
SPT-S J042227-6506.9	65.616	-65.116	19.09	sync	no
SPT-S J042418-6102.9	66.077	-61.05	5.37	sync	no
SPT-S J042503-5754.7	66.266	-57.913000000000004	34.88	sync	no
SPT-S J042533-6348.4	66.389	-63.806999999999995	9.31	sync	no
SPT-S J042535-5817.7	66.398	-58.29600000000001	4.78	sync	no
SPT-S J042536-5906.6	66.40100000000001	-59.111999999999995	17.09	sync	no
SPT-S J042630-5936.5	66.628	-59.61	4.97	sync	no
SPT-S J042632-6003.6	66.63600000000001	-60.06	0.91	dust	no
SPT-S J042753-5503.4	66.975	-55.058	6.11	dust	no
SPT-S J042808-6438.1	67.03699999999999	-64.637	111.21	sync	no
SPT-S J042918-5558.0	67.328	-55.968	5.56	sync	no
SPT-S J042941-5737.0	67.42399999999999	-57.618	4.59	sync	no
SPT-S J043001-5701.4	67.508	-57.023999999999994	0.73	dust	no
SPT-S J043013-6251.6	67.557	-62.861000000000004	4.69	sync	no
SPT-S J043021-6132.0	67.59	-61.534	70.68	sync	yes
SPT-S J043121-5749.8	67.842	-57.831	6.8	sync	no
SPT-S J043123-6021.2	67.848	-60.354	5.12	sync	no
SPT-S J043126-6406.3	67.862	-64.10600000000001	25.83	sync	no
SPT-S J043127-5619.2	67.863	-56.321000000000005	5.87	sync	no
SPT-S J043130-6218.4	67.878	-62.308	13.63	sync	no
SPT-S J043155-6207.3	67.98100000000001	-62.122	4.95	sync	no
SPT-S J043207-5926.3	68.029	-59.44	7.5	sync	no
SPT-S J043233-6315.8	68.138	-63.263999999999996	11.5	sync	no
SPT-S J043319-6310.4	68.331	-63.174	4.62	sync	no
SPT-S J043326-5517.5	68.36	-55.292	14.19	sync	no
SPT-S J043334-6030.2	68.392	-60.505	228.27	sync	no
SPT-S J043342-5909.8	68.425	-59.163999999999994	3.79	dust	no
SPT-S J043343-5726.3	68.432	-57.43899999999999	5.6	sync	no
SPT-S J043400-6048.5	68.502	-60.809	4.73	sync	no
SPT-S J043425-6337.7	68.60600000000001	-63.628	9.93	sync	no
SPT-S J043533-6257.1	68.89	-62.952	0.19	sync	no
SPT-S J043539-6258.5	68.913	-62.975	4.53	sync	no
SPT-S J043558-5838.0	68.993	-58.635	13.16	sync	no
SPT-S J043621-6056.6	69.09	-60.943999999999996	16.76	sync	no
SPT-S J043623-5633.3	69.097	-56.555	27.17	sync	no
SPT-S J043629-5951.5	69.12100000000001	-59.86	4.65	sync	no
SPT-S J043643-5538.1	69.182	-55.636	4.68	sync	no
SPT-S J043643-6204.4	69.183	-62.074	132.1	dust	yes
SPT-S J043645-5840.4	69.189	-58.674	28.27	sync	yes
SPT-S J043651-5841.1	69.214	-58.685	4.08	dust	yes
SPT-S J043651-5931.6	69.217	-59.527	18.31	sync	no
SPT-S J043658-6254.3	69.243	-62.907	1.82	sync	no
SPT-S J043710-6458.7	69.294	-64.979	6.68	sync	no
SPT-S J043712-6329.3	69.3	-63.489	5.08	sync	no
SPT-S J043718-5822.7	69.327	-58.379	8.48	sync	no
SPT-S J043719-6157.0	69.33	-61.951	5.77	sync	no
SPT-S J043735-6227.4	69.39699999999999	-62.458	4.75	dust	no
SPT-S J043810-6034.9	69.545	-60.582	4.54	sync	no
SPT-S J043811-6035.8	69.54899999999999	-60.597	2.67	sync	no
SPT-S J043839-6503.4	69.664	-65.058	23.11	sync	no
SPT-S J043855-6412.3	69.73100000000001	-64.205	5.23	dust	no
SPT-S J044212-6255.0	70.553	-62.917	1.52	dust	no
SPT-S J044310-6236.6	70.793	-62.611000000000004	5.82	sync	no
SPT-S J044323-5903.6	70.85	-59.06	16.42	sync	no
SPT-S J044327-5903.4	70.866	-59.056999999999995	1.53	dust	no
SPT-S J044350-6000.1	70.961	-60.001999999999995	6.73	sync	no
SPT-S J044413-5924.7	71.057	-59.413000000000004	6.5	sync	no
SPT-S J044418-5925.1	71.077	-59.419	2.02	sync	no
SPT-S J044420-5728.4	71.085	-57.474	1.81	dust	no
SPT-S J044446-6428.5	71.196	-64.476	5.1	sync	no
SPT-S J044500-6014.9	71.253	-60.25	13.94	sync	no
SPT-S J044506-5711.0	71.278	-57.185	4.52	sync	no
SPT-S J044522-6451.4	71.343	-64.857	4.96	sync	no
SPT-S J044533-5914.8	71.389	-59.247	4.96	dust	no
SPT-S J044540-5914.7	71.42	-59.246	19.45	dust	yes
SPT-S J044553-5914.6	71.472	-59.244	5.63	dust	no
SPT-S J044612-6452.6	71.553	-64.878	5.59	sync	no
SPT-S J044634-5738.4	71.646	-57.641999999999996	7.13	sync	no
SPT-S J044645-6207.4	71.689	-62.123999999999995	14.7	sync	no
SPT-S J044746-5940.4	71.944	-59.674	12.34	sync	no
SPT-S J044805-6205.1	72.025	-62.085	5.09	sync	no
SPT-S J044808-5637.6	72.03699999999999	-56.628	56.11	sync	yes
SPT-S J044823-5947.8	72.097	-59.797	8.4	dust	yes
SPT-S J044828-6157.5	72.118	-61.958999999999996	0.0	dust	no
SPT-S J044848-6216.6	72.202	-62.277	7.36	sync	no
SPT-S J044922-6106.4	72.342	-61.108000000000004	85.98	sync	yes
SPT-S J044949-5800.0	72.456	-58.001000000000005	0.64	dust	no
SPT-S J044959-5819.0	72.498	-58.317	16.08	sync	no
SPT-S J045059-5650.1	72.747	-56.836000000000006	5.05	sync	no
SPT-S J045252-5944.6	73.221	-59.745	6.61	dust	yes
SPT-S J045254-5853.7	73.226	-58.896	8.04	sync	no
SPT-S J045316-6042.7	73.319	-60.711999999999996	11.53	sync	no
SPT-S J045407-5642.4	73.53	-56.707	5.01	sync	no
SPT-S J045433-6019.5	73.638	-60.326	5.47	sync	no
SPT-S J045441-6247.7	73.67399999999999	-62.797	4.92	sync	no
SPT-S J045458-6449.5	73.745	-64.82600000000001	3.39	dust	no
SPT-S J045503-5531.2	73.765	-55.521	34.41	sync	no
SPT-S J045503-6450.1	73.765	-64.836	15.74	sync	yes
SPT-S J045514-5538.0	73.811	-55.633	14.54	sync	no
SPT-S J045630-5452.3	74.12899999999999	-54.872	4.82	sync	no
SPT-S J045725-6221.6	74.355	-62.361000000000004	4.88	sync	no
SPT-S J045735-5941.1	74.396	-59.68600000000001	6.45	sync	no
SPT-S J045802-6355.5	74.508	-63.925	2.02	dust	no
SPT-S J045808-5815.7	74.535	-58.263000000000005	5.49	sync	no
SPT-S J045901-5805.1	74.756	-58.086000000000006	4.13	dust	no
SPT-S J045911-5942.1	74.79899999999999	-59.703	5.88	dust	no
SPT-S J045913-5942.4	74.804	-59.708	6.2	dust	no
SPT-S J050000-5752.5	75.0	-57.875	44.01	sync	no
SPT-S J050003-5229.0	75.015	-52.485	5.33	sync	no
SPT-S J050019-5321.3	75.081	-53.356	39.42	sync	no
SPT-S J050211-5040.7	75.546	-50.678999999999995	6.76	sync	no
SPT-S J050321-5328.3	75.839	-53.472	5.56	sync	no
SPT-S J050329-5735.6	75.874	-57.595	45.35	sync	no
SPT-S J050334-5244.8	75.892	-52.747	5.96	sync	no
SPT-S J050401-5023.2	76.006	-50.387	40.49	sync	no
SPT-S J050424-5711.9	76.1	-57.199	16.05	sync	no
SPT-S J050437-5818.1	76.156	-58.302	4.83	sync	no
SPT-S J050508-5346.4	76.28399999999999	-53.775	4.76	sync	no
SPT-S J050511-5346.0	76.297	-53.766999999999996	2.06	dust	no
SPT-S J050523-5808.5	76.346	-58.143	4.56	sync	no
SPT-S J050526-5044.8	76.358	-50.747	12.82	sync	no
SPT-S J050528-5056.6	76.369	-50.943999999999996	1.71	dust	no
SPT-S J050607-5844.8	76.533	-58.748000000000005	7.25	sync	no
SPT-S J050617-5748.7	76.57300000000001	-57.813	21.73	sync	no
SPT-S J050620-5741.0	76.584	-57.685	5.61	sync	no
SPT-S J050624-5024.8	76.6	-50.415	5.37	sync	no
SPT-S J050656-5943.2	76.735	-59.721000000000004	5.18	dust	no
SPT-S J050658-5435.0	76.742	-54.585	5.15	dust	no
SPT-S J050716-5954.8	76.82	-59.913999999999994	4.91	sync	no
SPT-S J050725-5013.3	76.855	-50.223	7.16	sync	no
SPT-S J050732-5104.2	76.884	-51.071000000000005	19.68	sync	no
SPT-S J050747-5156.1	76.94800000000001	-51.93600000000001	11.75	sync	no
SPT-S J050758-5850.5	76.995	-58.842	47.34	sync	no
SPT-S J050831-5449.4	77.132	-54.823	0.84	dust	no
SPT-S J050847-5754.3	77.199	-57.907	0.71	dust	no
SPT-S J050907-5339.2	77.283	-53.653	3.27	sync	no
SPT-S J051003-5651.9	77.516	-56.865	10.93	sync	no
SPT-S J051018-5719.7	77.578	-57.32899999999999	23.24	sync	no
SPT-S J051029-5624.8	77.623	-56.413999999999994	6.37	sync	no
SPT-S J051030-5844.4	77.628	-58.74	12.43	sync	no
SPT-S J051040-5558.3	77.67	-55.972	2.04	sync	no
SPT-S J051116-5341.9	77.819	-53.7	5.23	dust	no
SPT-S J051121-5920.0	77.84	-59.333	6.62	sync	no
SPT-S J051135-5809.5	77.899	-58.158	4.72	sync	no
SPT-S J051140-5846.7	77.919	-58.778999999999996	5.17	sync	no
SPT-S J051217-5724.0	78.07300000000001	-57.4	4.54	dust	no
SPT-S J051254-5413.3	78.226	-54.223	4.73	sync	no
SPT-S J051259-5935.6	78.247	-59.593999999999994	4.69	dust	no
SPT-S J051355-5055.7	78.483	-50.928000000000004	23.09	sync	no
SPT-S J051358-5826.0	78.49600000000001	-58.435	5.18	sync	no
SPT-S J051400-5046.2	78.503	-50.771	5.16	sync	no
SPT-S J051404-5555.2	78.521	-55.92	0.92	dust	no
SPT-S J051406-5124.6	78.527	-51.41	6.29	sync	no
SPT-S J051418-5629.5	78.577	-56.492	7.44	sync	no
SPT-S J051424-5744.8	78.604	-57.747	9.45	sync	no
SPT-S J051433-5532.3	78.638	-55.538999999999994	6.61	sync	no
SPT-S J051439-5329.0	78.666	-53.483000000000004	6.39	sync	no
SPT-S J051456-5114.7	78.735	-51.246	4.66	sync	no
SPT-S J051459-5130.0	78.748	-51.501000000000005	5.68	sync	no
SPT-S J051506-5344.2	78.779	-53.738	6.05	sync	no
SPT-S J051517-5500.2	78.824	-55.004	4.6	sync	no
SPT-S J051535-5657.1	78.898	-56.953	16.31	sync	no
SPT-S J051550-5546.5	78.958	-55.776	6.56	sync	no
SPT-S J051614-5429.6	79.059	-54.494	4.67	sync	no
SPT-S J051618-5417.8	79.077	-54.298	4.78	sync	no
SPT-S J051639-5920.4	79.165	-59.341	1.95	dust	no
SPT-S J051659-5736.9	79.249	-57.61600000000001	0.13	dust	no
SPT-S J051744-5851.4	79.434	-58.858000000000004	9.13	sync	no
SPT-S J051811-5144.1	79.547	-51.735	22.54	sync	no
SPT-S J051825-5614.2	79.608	-56.236999999999995	16.27	sync	no
SPT-S J051841-5006.1	79.673	-50.103	12.94	sync	no
SPT-S J051909-5609.6	79.788	-56.161	5.11	sync	no
SPT-S J051939-5044.8	79.914	-50.748000000000005	5.78	sync	no
SPT-S J052039-5329.8	80.164	-53.498000000000005	3.9	sync	no
SPT-S J052044-5508.4	80.187	-55.141000000000005	16.69	sync	no
SPT-S J052124-5412.5	80.35300000000001	-54.21	10.84	sync	no
SPT-S J052137-5456.7	80.407	-54.946000000000005	8.67	sync	no
SPT-S J052206-5016.3	80.528	-50.272	4.59	sync	no
SPT-S J052215-5607.4	80.565	-56.123999999999995	5.24	sync	no
SPT-S J052309-5822.9	80.789	-58.383	1.96	sync	no
SPT-S J052318-5308.5	80.82600000000001	-53.143	9.18	sync	no
SPT-S J052400-5133.9	81.003	-51.566	7.74	sync	no
SPT-S J052405-5602.2	81.021	-56.037	11.32	sync	no
SPT-S J052440-5658.8	81.168	-56.981	106.29	sync	no
SPT-S J052500-5135.2	81.25	-51.588	8.09	sync	no
SPT-S J052558-5725.1	81.495	-57.419	54.06	sync	no
SPT-S J052731-5546.0	81.883	-55.766999999999996	1.84	sync	no
SPT-S J052743-5426.3	81.931	-54.438	16.52	sync	no
SPT-S J052759-5232.2	81.99799999999999	-52.537	2.49	sync	no
SPT-S J052832-5433.8	82.137	-54.56399999999999	7.53	sync	no
SPT-S J052834-5820.3	82.145	-58.339	19.89	sync	no
SPT-S J052841-5726.0	82.17399999999999	-57.433	1.93	sync	no
SPT-S J052846-5919.9	82.19200000000001	-59.333	12.49	sync	no
SPT-S J052850-5300.3	82.212	-53.006	1.13	dust	no
SPT-S J052852-5457.6	82.22	-54.96	6.87	sync	no
SPT-S J052903-5436.6	82.26299999999999	-54.611000000000004	7.34	dust	no
SPT-S J052904-5538.8	82.271	-55.647	6.44	sync	no
SPT-S J053058-5951.3	82.743	-59.856	12.66	sync	no
SPT-S J053107-5543.5	82.78	-55.725	8.76	sync	no
SPT-S J053117-5504.4	82.822	-55.074	28.1	sync	no
SPT-S J053147-5414.4	82.946	-54.24100000000001	6.66	sync	no
SPT-S J053205-5434.6	83.024	-54.577	1.09	dust	no
SPT-S J053208-5310.5	83.035	-53.176	41.98	sync	no
SPT-S J053244-5812.1	83.186	-58.202	6.02	sync	no
SPT-S J053248-5721.6	83.20100000000001	-57.36	4.91	sync	no
SPT-S J053250-5047.1	83.212	-50.786	10.53	dust	no
SPT-S J053310-5453.3	83.29299999999999	-54.888999999999996	4.94	dust	no
SPT-S J053312-5238.5	83.302	-52.641999999999996	1.65	dust	no
SPT-S J053319-5022.0	83.33200000000001	-50.367	5.33	sync	no
SPT-S J053324-5549.6	83.352	-55.827	55.02	sync	no
SPT-S J053327-5050.8	83.366	-50.847	7.82	sync	no
SPT-S J053345-5818.1	83.441	-58.302	7.24	sync	no
SPT-S J053412-5924.3	83.553	-59.406000000000006	15.34	sync	no
SPT-S J053426-5113.2	83.61	-51.221000000000004	10.88	sync	no
SPT-S J053458-5439.0	83.744	-54.651	20.37	sync	no
SPT-S J053527-5013.6	83.86399999999999	-50.227	0.62	dust	no
SPT-S J053631-5258.8	84.13	-52.981	1.18	dust	no
SPT-S J053644-5310.5	84.185	-53.176	1.15	dust	no
SPT-S J053646-5714.1	84.194	-57.236000000000004	12.01	sync	no
SPT-S J053726-5434.4	84.36	-54.574	6.36	sync	no
SPT-S J053748-5718.4	84.45299999999999	-57.308	12.53	sync	no
SPT-S J053816-5030.8	84.569	-50.513999999999996	6.81	dust	no
SPT-S J053819-5227.7	84.58	-52.461999999999996	8.32	sync	no
SPT-S J053823-5625.6	84.598	-56.427	5.22	sync	no
SPT-S J053834-5911.0	84.64299999999999	-59.184	6.31	sync	no
SPT-S J053849-5955.5	84.706	-59.926	4.07	dust	no
SPT-S J053857-5712.2	84.738	-57.20399999999999	4.72	sync	no
SPT-S J053909-5511.0	84.789	-55.183	17.25	sync	no
SPT-S J053942-5612.8	84.927	-56.214	99.72	sync	no
SPT-S J054020-5356.0	85.085	-53.935	4.59	sync	no
SPT-S J054025-5303.7	85.105	-53.063	23.75	sync	no
SPT-S J054030-5356.5	85.126	-53.942	15.42	sync	no
SPT-S J054045-5418.3	85.191	-54.306000000000004	259.54	sync	no
SPT-S J054120-5738.3	85.337	-57.64	2.24	dust	no
SPT-S J054123-5752.8	85.348	-57.882	4.27	dust	no
SPT-S J054135-5016.9	85.4	-50.282	4.98	sync	no
SPT-S J054223-5142.9	85.598	-51.716	70.43	sync	no
SPT-S J054254-5122.0	85.728	-51.368	2.48	sync	no
SPT-S J054343-5813.3	85.931	-58.223	4.67	sync	no
SPT-S J054357-5532.1	85.991	-55.536	14.32	sync	no
SPT-S J054407-5444.2	86.03200000000001	-54.736999999999995	0.0	dust	no
SPT-S J054431-5826.2	86.131	-58.438	5.88	sync	no
SPT-S J054434-5402.9	86.14399999999999	-54.049	0.21	dust	no
SPT-S J054510-5635.1	86.294	-56.586000000000006	0.51	dust	no
SPT-S J054545-5138.0	86.439	-51.635	7.85	sync	no
SPT-S J054554-5815.0	86.478	-58.251000000000005	4.58	sync	no
SPT-S J054644-5858.3	86.684	-58.973	1.59	dust	no
SPT-S J054716-5104.2	86.818	-51.07	7.4	dust	no
SPT-S J054733-5335.6	86.88799999999999	-53.593999999999994	0.01	dust	no
SPT-S J054804-5955.0	87.02	-59.917	6.15	sync	no
SPT-S J054830-5218.5	87.126	-52.308	19.55	sync	no
SPT-S J054846-5748.8	87.194	-57.81399999999999	0.79	dust	no
SPT-S J054901-5752.4	87.258	-57.873999999999995	5.89	sync	no
SPT-S J054903-5741.3	87.265	-57.68899999999999	7.92	sync	no
SPT-S J054912-5026.6	87.304	-50.443999999999996	9.19	sync	no
SPT-S J054941-5645.0	87.42200000000001	-56.751000000000005	1.03	sync	no
SPT-S J054943-5246.4	87.432	-52.773999999999994	163.42	sync	no
SPT-S J054951-5047.8	87.465	-50.798	5.58	sync	no
SPT-S J054953-5358.4	87.47200000000001	-53.975	4.59	dust	no
SPT-S J055002-5356.6	87.509	-53.943000000000005	2.69	dust	no
SPT-S J055009-5732.3	87.54	-57.54	523.43	sync	no
SPT-S J055046-5304.9	87.694	-53.082	17.12	sync	no
SPT-S J055116-5334.4	87.81700000000001	-53.574	4.83	dust	no
SPT-S J055117-5007.4	87.823	-50.123999999999995	2.29	sync	no
SPT-S J055119-5545.5	87.83	-55.76	4.59	sync	no
SPT-S J055133-5655.3	87.89	-56.923	4.6	sync	no
SPT-S J055135-5902.7	87.897	-59.04600000000001	6.35	dust	no
SPT-S J055138-5058.0	87.912	-50.968	2.91	dust	no
SPT-S J055152-5526.5	87.971	-55.442	27.63	sync	no
SPT-S J055201-5951.4	88.005	-59.858000000000004	0.49	dust	no
SPT-S J055232-5349.4	88.135	-53.823	9.99	sync	no
SPT-S J055233-5242.7	88.139	-52.711999999999996	1.61	sync	no
SPT-S J055241-5238.5	88.17200000000001	-52.643	0.81	dust	no
SPT-S J055302-5548.7	88.259	-55.812	3.64	dust	no
SPT-S J055320-5007.3	88.335	-50.122	2.69	dust	no
SPT-S J055331-5131.7	88.38	-51.528999999999996	0.96	dust	no
SPT-S J055359-5051.8	88.49799999999999	-50.864	4.8	sync	no
SPT-S J055421-5018.6	88.588	-50.31100000000001	11.08	sync	no
SPT-S J055422-5304.2	88.596	-53.071000000000005	2.2	dust	no
SPT-S J055455-5541.3	88.73100000000001	-55.69	5.91	sync	no
SPT-S J055512-5044.9	88.802	-50.75	6.98	sync	no
SPT-S J055528-5154.3	88.868	-51.906000000000006	5.0	sync	no
SPT-S J055545-5605.1	88.939	-56.085	5.0	sync	no
SPT-S J055555-5521.8	88.979	-55.364	4.65	sync	no
SPT-S J055701-5902.6	89.258	-59.044	4.97	sync	no
SPT-S J055732-5359.3	89.384	-53.988	5.44	sync	no
SPT-S J055734-5801.0	89.39399999999999	-58.018	6.37	sync	no
SPT-S J055811-5029.8	89.54899999999999	-50.497	50.99	sync	no
SPT-S J055830-5326.4	89.62700000000001	-53.44	8.83	sync	no
SPT-S J055833-5835.5	89.63799999999999	-58.593	6.43	sync	no
SPT-S J055854-5333.8	89.728	-53.56399999999999	5.01	dust	no
SPT-S J055909-5128.1	89.788	-51.468999999999994	1.25	dust	no
SPT-S J055923-5900.6	89.846	-59.01	5.7	dust	no
SPT-S J055947-5026.8	89.947	-50.446999999999996	37.59	sync	no
SPT-S J200025-4656.4	300.108	-46.941	6.6	sync	no
SPT-S J200030-4520.8	300.127	-45.348	5.29	sync	no
SPT-S J200031-5235.9	300.129	-52.599	4.52	sync	no
SPT-S J200034-5131.4	300.145	-51.523999999999994	2.95	dust	no
SPT-S J200036-5130.9	300.154	-51.516000000000005	4.59	sync	no
SPT-S J200057-4704.6	300.241	-47.077	4.64	sync	no
SPT-S J200101-4844.0	300.258	-48.733999999999995	4.85	sync	no
SPT-S J200102-5707.6	300.26099999999997	-57.128	4.6	sync	no
SPT-S J200115-5716.0	300.315	-57.266999999999996	13.05	sync	no
SPT-S J200122-5542.6	300.342	-55.711000000000006	6.79	sync	no
SPT-S J200138-4543.7	300.41200000000003	-45.73	4.73	sync	no
SPT-S J200143-5922.6	300.433	-59.376999999999995	7.76	sync	no
SPT-S J200148-6314.9	300.45099999999996	-63.25	7.38	sync	no
SPT-S J200148-5307.0	300.453	-53.117	5.36	sync	no
SPT-S J200205-5736.6	300.52099999999996	-57.611000000000004	6.12	sync	no
SPT-S J200213-5837.5	300.556	-58.626000000000005	7.59	sync	no
SPT-S J200215-6203.0	300.565	-62.05	4.75	sync	no
SPT-S J200218-5902.9	300.577	-59.048	10.38	sync	no
SPT-S J200238-5820.4	300.66200000000003	-58.34	7.43	sync	no
SPT-S J200247-5605.2	300.69599999999997	-56.086999999999996	4.62	dust	no
SPT-S J200309-5700.5	300.788	-57.008	0.0	dust	no
SPT-S J200328-5458.9	300.871	-54.983000000000004	7.12	dust	no
SPT-S J200329-5458.8	300.872	-54.981	5.29	dust	no
SPT-S J200343-6300.2	300.92900000000003	-63.004	48.09	sync	no
SPT-S J200350-5611.7	300.962	-56.195	5.15	sync	no
SPT-S J200353-6239.5	300.973	-62.659	4.5	sync	no
SPT-S J200415-5503.9	301.067	-55.065	4.69	sync	no
SPT-S J200418-5543.5	301.077	-55.726000000000006	81.15	sync	yes
SPT-S J200425-5846.7	301.107	-58.78	2.4	sync	no
SPT-S J200426-5847.5	301.11	-58.793	4.87	sync	no
SPT-S J200427-6347.2	301.116	-63.788000000000004	99.88	sync	no
SPT-S J200439-5155.8	301.166	-51.931000000000004	6.61	sync	no
SPT-S J200527-6451.2	301.363	-64.854	6.39	sync	no
SPT-S J200528-6403.9	301.369	-64.066	5.01	dust	no
SPT-S J200540-6349.0	301.418	-63.817	4.87	sync	no
SPT-S J200553-6125.6	301.474	-61.428000000000004	2.35	dust	no
SPT-S J200556-4920.1	301.486	-49.336000000000006	1.02	dust	no
SPT-S J200613-4513.9	301.556	-45.233000000000004	6.81	sync	no
SPT-S J200634-5011.5	301.644	-50.193000000000005	57.49	sync	no
SPT-S J200637-4509.1	301.656	-45.152	0.0	sync	no
SPT-S J200719-4822.1	301.83099999999996	-48.37	20.69	sync	no
SPT-S J200731-5308.5	301.88	-53.141999999999996	13.68	sync	no
SPT-S J200731-4504.2	301.88	-45.07	0.54	dust	no
SPT-S J200732-5117.7	301.887	-51.295	8.91	sync	no
SPT-S J200743-6007.9	301.933	-60.132	4.9	sync	no
SPT-S J200745-6007.1	301.938	-60.12	2.05	sync	no
SPT-S J200745-4800.0	301.941	-48.001000000000005	4.55	sync	no
SPT-S J200749-4759.8	301.955	-47.998000000000005	2.4	sync	no
SPT-S J200754-4750.8	301.97700000000003	-47.847	16.57	sync	no
SPT-S J200758-5847.8	301.996	-58.798	4.61	dust	no
SPT-S J200800-5848.4	302.001	-58.806999999999995	2.91	dust	no
SPT-S J200846-4717.1	302.195	-47.286	35.17	sync	no
SPT-S J200847-6109.6	302.197	-61.16	18.86	sync	no
SPT-S J200925-4849.7	302.355	-48.83	355.89	sync	no
SPT-S J200941-6123.5	302.42400000000004	-61.391999999999996	5.32	sync	no
SPT-S J200942-6412.7	302.426	-64.212	5.82	sync	no
SPT-S J200953-4822.6	302.475	-48.378	29.74	sync	no
SPT-S J201011-5845.8	302.55	-58.765	1.9	dust	no
SPT-S J201015-6159.1	302.566	-61.986000000000004	5.78	sync	no
SPT-S J201030-5447.5	302.626	-54.792	5.14	sync	no
SPT-S J201036-4724.2	302.651	-47.403	4.21	dust	no
SPT-S J201049-5251.5	302.70799999999997	-52.858999999999995	4.52	sync	no
SPT-S J201106-4527.5	302.776	-45.458999999999996	5.49	sync	no
SPT-S J201107-5257.0	302.78	-52.95	4.97	sync	no
SPT-S J201107-5516.9	302.781	-55.283	9.12	sync	no
SPT-S J201127-5644.0	302.86400000000003	-56.735	12.02	sync	no
SPT-S J201135-4916.7	302.899	-49.278999999999996	19.36	sync	no
SPT-S J201141-5235.2	302.92400000000004	-52.586999999999996	20.07	sync	no
SPT-S J201145-5956.1	302.938	-59.93600000000001	14.66	sync	no
SPT-S J201152-4600.6	302.967	-46.011	5.53	sync	no
SPT-S J201204-5515.1	303.018	-55.251999999999995	3.65	dust	no
SPT-S J201205-5514.4	303.024	-55.24100000000001	5.23	sync	no
SPT-S J201209-4721.2	303.04	-47.354	37.61	sync	no
SPT-S J201213-5232.8	303.055	-52.548	6.25	sync	no
SPT-S J201218-5345.5	303.075	-53.76	4.81	sync	no
SPT-S J201227-4538.4	303.116	-45.64	2.77	sync	no
SPT-S J201239-5453.3	303.163	-54.89	30.65	sync	no
SPT-S J201251-5806.8	303.215	-58.114	6.13	sync	no
SPT-S J201312-6004.0	303.30400000000003	-60.067	4.65	dust	no
SPT-S J201319-5218.1	303.33299999999997	-52.302	20.61	sync	no
SPT-S J201359-5702.1	303.496	-57.035	8.75	sync	no
SPT-S J201359-6342.6	303.499	-63.71	21.62	sync	no
SPT-S J201404-5831.7	303.52	-58.528999999999996	6.86	sync	no
SPT-S J201417-5658.2	303.57099999999997	-56.97	13.04	sync	no
SPT-S J201459-5603.6	303.75	-56.06100000000001	4.51	dust	no
SPT-S J201508-5243.2	303.78700000000003	-52.721000000000004	2.71	dust	no
SPT-S J201513-5520.4	303.80400000000003	-55.34	3.01	sync	no
SPT-S J201525-5545.5	303.85400000000004	-55.758	3.05	sync	no
SPT-S J201525-5553.4	303.855	-55.891000000000005	5.77	sync	no
SPT-S J201528-5545.9	303.867	-55.766000000000005	6.21	sync	no
SPT-S J201535-5928.0	303.89799999999997	-59.468	6.02	sync	no
SPT-S J201552-5819.0	303.969	-58.317	7.48	sync	no
SPT-S J201557-5244.3	303.991	-52.74	8.34	sync	no
SPT-S J201603-6400.8	304.015	-64.015	9.09	sync	no
SPT-S J201604-5604.4	304.019	-56.074	1.27	dust	no
SPT-S J201608-5752.5	304.034	-57.876000000000005	17.54	sync	no
SPT-S J201642-5913.3	304.177	-59.222	4.79	sync	no
SPT-S J201647-5306.8	304.198	-53.114	2.32	dust	no
SPT-S J201651-5814.8	304.216	-58.247	5.15	sync	no
SPT-S J201656-4924.1	304.23400000000004	-49.402	29.32	sync	no
SPT-S J201703-4607.8	304.26599999999996	-46.13	7.03	sync	no
SPT-S J201710-4516.8	304.295	-45.28	9.24	sync	no
SPT-S J201713-5247.9	304.308	-52.799	7.9	dust	yes
SPT-S J201717-5454.7	304.322	-54.912	6.58	sync	no
SPT-S J201734-4540.1	304.39599999999996	-45.668	0.0	dust	no
SPT-S J201744-5138.7	304.436	-51.646	4.73	sync	no
SPT-S J201802-5539.5	304.512	-55.659	6.69	sync	no
SPT-S J201816-6023.0	304.567	-60.38399999999999	5.55	sync	no
SPT-S J201842-5659.0	304.676	-56.983999999999995	0.0	dust	no
SPT-S J201903-5201.6	304.764	-52.027	35.75	sync	no
SPT-S J201914-5836.9	304.809	-58.617	5.88	sync	no
SPT-S J201914-5837.5	304.812	-58.625	3.47	sync	no
SPT-S J201943-5326.8	304.933	-53.446999999999996	15.8	sync	no
SPT-S J201950-6128.1	304.962	-61.468999999999994	10.6	sync	no
SPT-S J201954-5029.0	304.978	-50.483999999999995	2.62	sync	no
SPT-S J202022-5318.7	305.093	-53.313	7.79	sync	no
SPT-S J202032-6203.4	305.137	-62.056999999999995	1.99	dust	no
SPT-S J202043-5910.4	305.181	-59.174	5.39	dust	no
SPT-S J202050-4814.2	305.20799999999997	-48.238	8.11	dust	no
SPT-S J202100-6124.7	305.254	-61.412	43.62	sync	no
SPT-S J202115-4610.7	305.316	-46.178999999999995	3.31	dust	no
SPT-S J202137-4616.9	305.407	-46.283	4.58	sync	no
SPT-S J202153-6122.8	305.474	-61.382	5.79	sync	no
SPT-S J202200-4728.7	305.503	-47.479	4.53	sync	no
SPT-S J202225-4513.5	305.608	-45.225	141.09	sync	no
SPT-S J202256-5355.1	305.736	-53.92	0.0	dust	no
SPT-S J202312-4612.9	305.801	-46.216	4.63	sync	no
SPT-S J202327-5812.3	305.865	-58.205	34.06	sync	no
SPT-S J202338-4826.8	305.911	-48.446999999999996	33.76	sync	yes
SPT-S J202344-4619.6	305.934	-46.328	9.17	sync	no
SPT-S J202352-6440.2	305.969	-64.67	8.92	sync	no
SPT-S J202352-4606.9	305.969	-46.115	6.5	sync	no
SPT-S J202402-6349.3	306.012	-63.823	5.48	sync	no
SPT-S J202412-4543.9	306.053	-45.733000000000004	10.86	sync	no
SPT-S J202420-5723.6	306.086	-57.394	20.84	sync	yes
SPT-S J202422-6159.0	306.094	-61.985	5.37	sync	no
SPT-S J202428-4516.9	306.119	-45.283	4.95	sync	no
SPT-S J202439-6414.1	306.164	-64.235	10.36	sync	no
SPT-S J202444-6458.6	306.185	-64.977	89.6	sync	no
SPT-S J202455-5606.7	306.22900000000004	-56.111999999999995	6.17	sync	no
SPT-S J202459-5203.6	306.248	-52.06100000000001	1.97	dust	no
SPT-S J202505-5404.9	306.272	-54.083	7.5	sync	no
SPT-S J202526-6115.6	306.362	-61.26	5.36	sync	no
SPT-S J202539-5003.7	306.416	-50.062	5.45	sync	no
SPT-S J202556-4854.2	306.48400000000004	-48.903999999999996	13.5	sync	no
SPT-S J202601-6414.2	306.506	-64.238	11.93	sync	no
SPT-S J202606-5806.0	306.526	-58.101000000000006	6.58	sync	no
SPT-S J202607-4820.1	306.531	-48.335	8.18	sync	no
SPT-S J202609-5332.4	306.539	-53.541000000000004	1.92	sync	no
SPT-S J202633-5356.2	306.638	-53.937	1.61	dust	no
SPT-S J202642-5200.4	306.677	-52.008	11.45	sync	no
SPT-S J202645-4639.3	306.691	-46.656000000000006	4.59	sync	no
SPT-S J202650-5021.5	306.711	-50.36	4.52	sync	no
SPT-S J202652-6250.6	306.72	-62.843999999999994	13.62	sync	no
SPT-S J202655-5931.4	306.73	-59.523999999999994	4.63	sync	no
SPT-S J202702-4750.5	306.762	-47.843	4.77	sync	no
SPT-S J202715-4555.5	306.816	-45.925	9.47	sync	no
SPT-S J202722-4916.6	306.842	-49.277	8.24	sync	no
SPT-S J202737-5641.7	306.905	-56.695	25.89	sync	no
SPT-S J202739-4837.1	306.914	-48.62	1.58	dust	no
SPT-S J202750-4726.3	306.959	-47.43899999999999	113.51	sync	no
SPT-S J202750-5930.4	306.962	-59.507	7.56	sync	no
SPT-S J202752-5930.9	306.968	-59.515	4.5	dust	yes
SPT-S J202753-5928.3	306.975	-59.473	0.22	dust	no
SPT-S J202759-5226.2	306.999	-52.438	61.73	sync	no
SPT-S J202827-6031.0	307.117	-60.516999999999996	5.52	sync	no
SPT-S J202828-4734.5	307.119	-47.575	5.31	sync	no
SPT-S J202849-5920.3	307.204	-59.339	2.94	dust	yes
SPT-S J202850-5921.1	307.21	-59.352	2.91	dust	yes
SPT-S J202916-5147.7	307.317	-51.795	4.69	sync	no
SPT-S J202920-5127.3	307.334	-51.456	6.91	sync	no
SPT-S J202934-5339.1	307.392	-53.652	47.48	sync	no
SPT-S J202956-6346.7	307.486	-63.78	5.28	sync	no
SPT-S J203004-6105.3	307.517	-61.089	4.82	sync	no
SPT-S J203018-6027.5	307.578	-60.458999999999996	6.63	sync	no
SPT-S J203033-4802.7	307.639	-48.04600000000001	6.13	sync	no
SPT-S J203044-5534.7	307.687	-55.58	5.84	sync	no
SPT-S J203046-4728.5	307.695	-47.477	4.82	dust	no
SPT-S J203059-5736.7	307.746	-57.613	7.89	sync	no
SPT-S J203059-5112.6	307.748	-51.211000000000006	3.47	dust	no
SPT-S J203109-5236.4	307.788	-52.608000000000004	5.67	sync	no
SPT-S J203109-6006.4	307.788	-60.107	4.69	sync	no
SPT-S J203133-4507.5	307.89	-45.126000000000005	7.5	sync	no
SPT-S J203143-6038.5	307.933	-60.641999999999996	1.9	dust	no
SPT-S J203226-5817.9	308.112	-58.3	149.84	sync	no
SPT-S J203229-5152.9	308.121	-51.883	13.95	sync	no
SPT-S J203230-4717.9	308.128	-47.3	8.75	sync	no
SPT-S J203236-5749.6	308.151	-57.827	9.22	sync	no
SPT-S J203259-6149.1	308.249	-61.818999999999996	4.76	sync	no
SPT-S J203315-5244.2	308.315	-52.736999999999995	2.79	sync	no
SPT-S J203319-5315.7	308.33	-53.263000000000005	35.11	sync	no
SPT-S J203322-4535.3	308.344	-45.59	4.57	sync	no
SPT-S J203351-4522.2	308.46299999999997	-45.371	6.74	sync	no
SPT-S J203359-5654.2	308.5	-56.903999999999996	5.29	sync	no
SPT-S J203422-6232.2	308.595	-62.538000000000004	2.6	sync	no
SPT-S J203436-5105.6	308.652	-51.093999999999994	5.25	sync	no
SPT-S J203444-5741.7	308.687	-57.696999999999996	7.1	sync	no
SPT-S J203504-5236.3	308.769	-52.606	5.66	sync	no
SPT-S J203512-5412.9	308.803	-54.215	23.04	sync	no
SPT-S J203520-4952.1	308.837	-49.869	5.18	dust	no
SPT-S J203521-4904.7	308.84	-49.07899999999999	0.0	dust	no
SPT-S J203523-4958.0	308.849	-49.968	34.62	sync	no
SPT-S J203540-4503.0	308.91700000000003	-45.051	6.61	sync	no
SPT-S J203550-4821.0	308.961	-48.35	0.0	sync	no
SPT-S J203554-5458.8	308.97700000000003	-54.981	6.46	sync	no
SPT-S J203604-5321.1	309.018	-53.352	11.18	sync	no
SPT-S J203611-5641.8	309.047	-56.698	5.03	sync	no
SPT-S J203627-4542.1	309.115	-45.702	12.75	sync	no
SPT-S J203628-5036.8	309.12	-50.615	6.09	sync	no
SPT-S J203634-5737.5	309.142	-57.626000000000005	6.71	sync	no
SPT-S J203636-5737.1	309.152	-57.619	2.98	dust	no
SPT-S J203659-5605.5	309.247	-56.093	4.63	sync	no
SPT-S J203700-5431.6	309.253	-54.528	5.49	sync	no
SPT-S J203730-6513.3	309.379	-65.222	18.28	dust	no
SPT-S J203751-5051.1	309.46299999999997	-50.853	2.61	dust	no
SPT-S J203804-5139.1	309.52099999999996	-51.653	4.69	sync	no
SPT-S J203820-5206.6	309.587	-52.111000000000004	4.95	dust	no
SPT-S J203821-4803.1	309.591	-48.052	5.08	sync	no
SPT-S J203835-4646.1	309.649	-46.769	0.21	sync	no
SPT-S J203845-5208.8	309.689	-52.147	5.27	dust	yes
SPT-S J203848-5247.8	309.703	-52.797	9.15	sync	no
SPT-S J203906-5236.2	309.777	-52.604	8.41	sync	no
SPT-S J203913-5407.5	309.807	-54.126000000000005	4.74	sync	no
SPT-S J203920-5404.1	309.835	-54.068999999999996	0.11	dust	no
SPT-S J203926-4820.4	309.862	-48.341	4.55	sync	no
SPT-S J203945-5821.4	309.938	-58.358000000000004	8.33	sync	no
SPT-S J203947-6111.5	309.947	-61.193000000000005	5.78	sync	no
SPT-S J203948-5001.1	309.952	-50.019	60.83	sync	yes
SPT-S J203948-4606.0	309.952	-46.101000000000006	36.62	sync	no
SPT-S J203958-5515.6	309.993	-55.261	3.42	sync	no
SPT-S J204000-5735.0	310.001	-57.583999999999996	96.95	sync	no
SPT-S J204001-6119.7	310.007	-61.32899999999999	5.36	sync	no
SPT-S J204002-6120.2	310.01099999999997	-61.336999999999996	3.72	sync	no
SPT-S J204003-6433.0	310.01599999999996	-64.551	5.76	sync	no
SPT-S J204010-4745.3	310.04400000000004	-47.756	8.05	sync	no
SPT-S J204043-6148.9	310.181	-61.815	5.83	sync	no
SPT-S J204101-5451.4	310.258	-54.858000000000004	8.9	dust	no
SPT-S J204111-5257.5	310.296	-52.958999999999996	9.36	sync	no
SPT-S J204112-6139.8	310.301	-61.663999999999994	15.2	sync	no
SPT-S J204113-5210.7	310.305	-52.178999999999995	13.98	sync	no
SPT-S J204120-6214.2	310.335	-62.238	15.61	sync	no
SPT-S J204148-4820.9	310.45099999999996	-48.349	6.72	sync	no
SPT-S J204218-4759.7	310.577	-47.995	3.72	sync	no
SPT-S J204242-5346.4	310.677	-53.775	0.41	dust	no
SPT-S J204307-5449.8	310.783	-54.831	5.72	sync	no
SPT-S J204314-6256.0	310.811	-62.934	47.53	sync	no
SPT-S J204315-5104.2	310.813	-51.071000000000005	8.33	sync	no
SPT-S J204324-5612.0	310.85200000000003	-56.201	2.0	dust	no
SPT-S J204324-6334.4	310.853	-63.574	5.2	sync	no
SPT-S J204325-6234.5	310.856	-62.576	5.13	sync	no
SPT-S J204325-6234.0	310.857	-62.568000000000005	3.27	sync	no
SPT-S J204329-5321.4	310.873	-53.357	5.58	dust	yes
SPT-S J204408-4712.9	311.03700000000003	-47.216	12.54	sync	no
SPT-S J204440-4559.1	311.168	-45.985	3.33	dust	no
SPT-S J204440-4558.6	311.16900000000004	-45.977	4.74	dust	no
SPT-S J204440-4744.0	311.17	-47.733000000000004	1.3	dust	no
SPT-S J204443-5533.3	311.18	-55.556999999999995	1.23	dust	no
SPT-S J204452-6148.0	311.217	-61.801	6.58	sync	no
SPT-S J204452-6147.5	311.218	-61.793	2.95	sync	no
SPT-S J204456-5456.0	311.23400000000004	-54.933	19.6	sync	no
SPT-S J204505-5320.9	311.27299999999997	-53.35	10.53	sync	no
SPT-S J204521-6300.4	311.34	-63.007	14.98	sync	no
SPT-S J204524-5352.0	311.353	-53.867	8.8	sync	no
SPT-S J204540-5526.1	311.418	-55.43600000000001	53.43	sync	no
SPT-S J204542-6238.2	311.42900000000003	-62.638000000000005	0.4	dust	no
SPT-S J204544-6132.9	311.434	-61.549	20.08	sync	no
SPT-S J204552-5106.4	311.467	-51.108000000000004	20.76	sync	yes
SPT-S J204605-5223.4	311.52299999999997	-52.391000000000005	4.63	sync	no
SPT-S J204606-5727.9	311.526	-57.466	8.63	sync	no
SPT-S J204636-5948.8	311.652	-59.81399999999999	0.0	sync	no
SPT-S J204713-4558.4	311.805	-45.974	8.13	sync	no
SPT-S J204731-4801.6	311.88	-48.028	8.38	sync	yes
SPT-S J204812-6312.2	312.053	-63.20399999999999	4.27	sync	no
SPT-S J204820-6209.3	312.084	-62.156000000000006	0.0	sync	no
SPT-S J204824-5520.6	312.10200000000003	-55.343999999999994	6.37	dust	no
SPT-S J204825-5241.8	312.107	-52.696999999999996	18.01	sync	no
SPT-S J204827-5926.2	312.117	-59.438	4.89	sync	no
SPT-S J204829-5842.2	312.124	-58.70399999999999	20.42	sync	no
SPT-S J204846-6350.1	312.195	-63.835	5.88	sync	no
SPT-S J204856-5529.7	312.23400000000004	-55.496	5.19	sync	yes
SPT-S J204858-4543.4	312.245	-45.724	27.39	sync	no
SPT-S J204930-4628.1	312.377	-46.468999999999994	11.87	sync	no
SPT-S J204934-6409.4	312.393	-64.157	6.92	sync	no
SPT-S J205012-4927.3	312.55400000000003	-49.455	25.99	sync	no
SPT-S J205036-5832.7	312.654	-58.547	5.92	sync	no
SPT-S J205037-4543.1	312.656	-45.72	7.62	sync	no
SPT-S J205048-6007.7	312.70099999999996	-60.129	6.97	sync	no
SPT-S J205112-4526.1	312.80400000000003	-45.43600000000001	38.77	sync	no
SPT-S J205139-5704.5	312.916	-57.076	10.17	sync	no
SPT-S J205141-6211.0	312.921	-62.183	2.73	dust	no
SPT-S J205141-4857.0	312.925	-48.951	7.03	sync	no
SPT-S J205202-5704.1	313.009	-57.068999999999996	23.79	sync	no
SPT-S J205209-5247.5	313.04	-52.792	7.57	sync	no
SPT-S J205210-4846.9	313.046	-48.782	5.51	dust	no
SPT-S J205213-5533.1	313.058	-55.553000000000004	31.72	sync	no
SPT-S J205215-5830.5	313.066	-58.50899999999999	5.57	sync	no
SPT-S J205226-6500.5	313.10900000000004	-65.01	4.78	sync	no
SPT-S J205304-6255.8	313.268	-62.931000000000004	56.34	sync	no
SPT-S J205305-6453.6	313.274	-64.895	6.15	sync	no
SPT-S J205317-5155.2	313.324	-51.92100000000001	0.0	dust	no
SPT-S J205402-5448.5	313.51099999999997	-54.808	2.1	dust	no
SPT-S J205404-5301.1	313.517	-53.02	0.21	dust	no
SPT-S J205449-5439.4	313.70599999999996	-54.658	26.42	sync	no
SPT-S J205500-4729.7	313.752	-47.496	10.17	sync	no
SPT-S J205519-6511.2	313.83099999999996	-65.188	4.71	sync	no
SPT-S J205526-5504.7	313.861	-55.07899999999999	4.65	sync	no
SPT-S J205553-5707.3	313.974	-57.123000000000005	2.06	dust	no
SPT-S J205559-4712.7	313.998	-47.211999999999996	0.0	dust	no
SPT-S J205600-6013.1	314.003	-60.22	5.0	sync	no
SPT-S J205607-4712.8	314.031	-47.213	1.91	dust	no
SPT-S J205614-4904.2	314.06	-49.071000000000005	9.94	sync	no
SPT-S J205616-4714.6	314.069	-47.244	989.89	sync	no
SPT-S J205623-4711.9	314.098	-47.199	3.82	sync	no
SPT-S J205624-5917.4	314.10400000000004	-59.291000000000004	10.62	sync	no
SPT-S J205630-5820.1	314.126	-58.336000000000006	77.42	sync	no
SPT-S J205636-5309.7	314.152	-53.163000000000004	4.97	dust	no
SPT-S J205714-4901.3	314.31	-49.023	22.96	sync	no
SPT-S J205733-5323.5	314.392	-53.391999999999996	10.19	sync	no
SPT-S J205737-5700.4	314.405	-57.008	33.31	sync	no
SPT-S J205752-6329.8	314.469	-63.498000000000005	2.64	sync	no
SPT-S J205755-5152.1	314.48	-51.869	5.04	dust	no
SPT-S J205806-5431.2	314.526	-54.52	4.69	sync	no
SPT-S J205810-4837.8	314.545	-48.631	11.76	sync	no
SPT-S J205817-6348.1	314.573	-63.803000000000004	6.43	sync	no
SPT-S J205831-4902.9	314.632	-49.048	6.29	sync	no
SPT-S J205837-5756.6	314.656	-57.943999999999996	30.66	sync	no
SPT-S J205851-6415.9	314.714	-64.266	4.61	sync	no
SPT-S J205853-5130.4	314.725	-51.507	5.3	sync	no
SPT-S J205910-4910.8	314.796	-49.181000000000004	9.37	sync	no
SPT-S J205923-6246.6	314.847	-62.778	1.0	dust	no
SPT-S J205929-6449.7	314.874	-64.829	5.71	sync	no
SPT-S J205941-5838.4	314.922	-58.641000000000005	9.89	sync	no
SPT-S J210039-5736.1	315.165	-57.603	2.07	dust	no
SPT-S J210048-6235.9	315.20099999999996	-62.599	4.52	sync	no
SPT-S J210056-4652.9	315.237	-46.882	6.31	sync	no
SPT-S J210111-6150.1	315.297	-61.836000000000006	6.87	sync	no
SPT-S J210114-6048.9	315.309	-60.815	5.77	dust	no
SPT-S J210123-4549.8	315.346	-45.831	8.1	sync	no
SPT-S J210126-4713.8	315.362	-47.232	10.64	sync	no
SPT-S J210138-6239.6	315.41	-62.661	9.53	sync	no
SPT-S J210202-4632.6	315.508	-46.545	6.05	sync	no
SPT-S J210206-5447.4	315.526	-54.791000000000004	0.29	dust	no
SPT-S J210233-6107.5	315.64	-61.126000000000005	4.61	sync	no
SPT-S J210252-5522.9	315.721	-55.383	5.21	sync	no
SPT-S J210312-5812.2	315.802	-58.20399999999999	7.86	sync	no
SPT-S J210322-6055.2	315.842	-60.92100000000001	4.78	sync	no
SPT-S J210328-4807.4	315.867	-48.125	1.01	dust	no
SPT-S J210329-6032.6	315.875	-60.544	8.21	dust	no
SPT-S J210337-6232.4	315.908	-62.541000000000004	75.38	sync	no
SPT-S J210338-4949.5	315.91200000000003	-49.825	25.63	sync	no
SPT-S J210345-4901.9	315.94	-49.033	7.57	sync	no
SPT-S J210407-5156.9	316.03	-51.949	24.61	sync	no
SPT-S J210415-4547.5	316.066	-45.793	10.39	sync	no
SPT-S J210500-4848.7	316.253	-48.813	143.98	sync	no
SPT-S J210501-5221.3	316.254	-52.355	5.36	sync	no
SPT-S J210502-5346.1	316.26099999999997	-53.768	4.72	sync	no
SPT-S J210509-4746.7	316.289	-47.778999999999996	2.08	dust	no
SPT-S J210524-5145.8	316.353	-51.763999999999996	21.69	sync	no
SPT-S J210539-5413.3	316.41700000000003	-54.222	11.76	sync	no
SPT-S J210543-5929.4	316.43	-59.49100000000001	5.2	sync	no
SPT-S J210550-4620.4	316.46	-46.341	13.32	sync	no
SPT-S J210550-5057.1	316.461	-50.953	2.94	sync	no
SPT-S J210605-6405.7	316.52099999999996	-64.095	7.25	sync	no
SPT-S J210611-6303.9	316.546	-63.066	2.59	sync	no
SPT-S J210615-5802.9	316.564	-58.048	21.5	sync	no
SPT-S J210624-5741.8	316.6	-57.696999999999996	5.02	sync	no
SPT-S J210626-5032.2	316.612	-50.538000000000004	1.9	sync	no
SPT-S J210636-6342.8	316.651	-63.713	15.02	sync	no
SPT-S J210647-4711.4	316.698	-47.19	5.15	sync	no
SPT-S J210654-5735.6	316.728	-57.595	5.6	sync	no
SPT-S J210659-5559.0	316.748	-55.985	28.46	sync	no
SPT-S J210703-5012.1	316.764	-50.202	6.83	sync	no
SPT-S J210739-5132.1	316.913	-51.536	7.27	sync	no
SPT-S J210744-4828.1	316.935	-48.468	20.36	sync	no
SPT-S J210757-6216.1	316.988	-62.269	27.5	sync	no
SPT-S J210835-5045.9	317.147	-50.766000000000005	5.2	sync	no
SPT-S J210840-6440.5	317.168	-64.676	6.36	sync	no
SPT-S J210850-4846.3	317.211	-48.773	35.94	sync	no
SPT-S J210911-5808.4	317.29900000000004	-58.14	4.57	sync	no
SPT-S J210914-6317.6	317.309	-63.294	6.41	dust	no
SPT-S J210938-5035.7	317.409	-50.595	4.61	sync	no
SPT-S J210947-5206.6	317.449	-52.111000000000004	11.91	sync	no
SPT-S J210958-4802.1	317.496	-48.035	13.96	sync	yes
SPT-S J211000-5142.1	317.501	-51.702	5.2	sync	no
SPT-S J211010-5919.6	317.54400000000004	-59.328	10.82	sync	no
SPT-S J211023-5531.6	317.6	-55.527	0.79	dust	no
SPT-S J211035-6325.2	317.647	-63.42100000000001	10.55	sync	no
SPT-S J211106-5327.6	317.777	-53.46	4.5	dust	no
SPT-S J211111-5508.0	317.8	-55.135	19.93	sync	yes
SPT-S J211115-6440.7	317.815	-64.678	0.3	dust	no
SPT-S J211211-5018.0	318.047	-50.301	0.0	dust	no
SPT-S J211211-5716.6	318.047	-57.278	5.13	sync	no
SPT-S J211253-5309.4	318.224	-53.157	4.75	sync	no
SPT-S J211256-4817.6	318.237	-48.294	29.86	sync	no
SPT-S J211300-5502.8	318.252	-55.048	5.48	sync	no
SPT-S J211301-5502.3	318.255	-55.038999999999994	2.94	sync	no
SPT-S J211302-5505.0	318.258	-55.083999999999996	0.0	dust	no
SPT-S J211303-5503.1	318.267	-55.052	3.28	sync	no
SPT-S J211315-5825.5	318.314	-58.426	5.41	sync	no
SPT-S J211327-6135.7	318.366	-61.595	11.8	sync	no
SPT-S J211347-5917.9	318.448	-59.298	35.3	sync	no
SPT-S J211401-5449.1	318.505	-54.818999999999996	5.35	sync	no
SPT-S J211447-6157.2	318.699	-61.95399999999999	13.15	sync	yes
SPT-S J211452-4457.1	318.719	-44.953	5.67	dust	no
SPT-S J211458-4841.0	318.744	-48.683	6.11	sync	no
SPT-S J211508-4713.2	318.785	-47.221000000000004	7.3	dust	yes
SPT-S J211545-4938.9	318.94	-49.648999999999994	5.7	sync	no
SPT-S J211622-5238.0	319.093	-52.635	4.01	sync	no
SPT-S J211629-5527.3	319.124	-55.456	29.13	sync	no
SPT-S J211639-5157.6	319.16700000000003	-51.961000000000006	4.68	sync	no
SPT-S J211701-5306.8	319.256	-53.114	6.15	sync	no
SPT-S J211709-6120.4	319.288	-61.34	5.76	sync	no
SPT-S J211710-5824.0	319.29400000000004	-58.401	27.38	sync	yes
SPT-S J211712-5045.4	319.3	-50.758	5.29	sync	no
SPT-S J211724-5505.3	319.35400000000004	-55.089	3.62	sync	no
SPT-S J211733-6256.1	319.39	-62.937	6.57	sync	no
SPT-S J211741-5852.1	319.422	-58.869	5.42	dust	no
SPT-S J211759-5416.9	319.496	-54.283	4.9	sync	no
SPT-S J211819-6345.4	319.58299999999997	-63.758	5.53	dust	no
SPT-S J211831-5905.4	319.629	-59.091	0.88	sync	no
SPT-S J211851-5738.8	319.716	-57.647	4.88	sync	no
SPT-S J211854-5144.4	319.726	-51.74100000000001	5.15	sync	no
SPT-S J211857-5948.8	319.738	-59.81399999999999	4.67	dust	no
SPT-S J211900-4833.7	319.75	-48.562	6.3	sync	no
SPT-S J211908-4756.5	319.786	-47.943000000000005	0.9	dust	no
SPT-S J211908-6110.9	319.786	-61.181999999999995	7.45	sync	no
SPT-S J211909-6231.1	319.79	-62.519	4.97	sync	no
SPT-S J211917-4510.6	319.823	-45.178000000000004	5.49	sync	no
SPT-S J211937-5827.2	319.904	-58.45399999999999	0.0	dust	no
SPT-S J211937-4545.1	319.905	-45.753	58.44	sync	no
SPT-S J211950-5525.2	319.959	-55.42100000000001	0.68	dust	no
SPT-S J211953-6436.4	319.972	-64.608	14.55	sync	no
SPT-S J211953-5829.0	319.973	-58.485	1.19	sync	no
SPT-S J212000-5608.8	320.001	-56.148	6.44	sync	no
SPT-S J212003-6201.8	320.017	-62.03	14.62	sync	no
SPT-S J212012-6341.2	320.052	-63.688	6.1	sync	no
SPT-S J212025-4546.9	320.106	-45.783	4.09	sync	no
SPT-S J212026-5103.0	320.10900000000004	-51.052	8.68	sync	no
SPT-S J212034-5932.6	320.145	-59.544	1.57	dust	no
SPT-S J212054-6322.5	320.226	-63.375	6.55	sync	no
SPT-S J212054-5655.7	320.22900000000004	-56.93	5.94	sync	no
SPT-S J212102-6111.3	320.26099999999997	-61.18899999999999	167.4	sync	no
SPT-S J212114-6116.2	320.31	-61.271	5.97	sync	no
SPT-S J212128-5337.0	320.369	-53.617	2.74	sync	no
SPT-S J212129-5523.0	320.373	-55.38399999999999	4.53	sync	no
SPT-S J212156-6404.5	320.485	-64.07600000000001	11.95	sync	no
SPT-S J212157-4821.2	320.491	-48.354	2.62	dust	no
SPT-S J212200-5719.8	320.503	-57.33	3.25	sync	no
SPT-S J212222-5600.1	320.595	-56.003	31.56	sync	no
SPT-S J212224-5700.4	320.601	-57.008	0.99	dust	no
SPT-S J212225-4940.1	320.607	-49.67	14.91	sync	no
SPT-S J212243-5643.8	320.681	-56.731	5.82	sync	no
SPT-S J212307-4918.3	320.783	-49.306999999999995	5.53	dust	no
SPT-S J212314-4546.4	320.812	-45.775	7.1	dust	yes
SPT-S J212324-5615.3	320.85	-56.256	5.12	sync	no
SPT-S J212347-4713.2	320.95	-47.221000000000004	18.87	sync	no
SPT-S J212400-5247.3	321.003	-52.788999999999994	29.95	sync	no
SPT-S J212402-6027.9	321.01099999999997	-60.465	10.56	sync	no
SPT-S J212403-6213.0	321.01599999999996	-62.217	5.36	sync	no
SPT-S J212408-5740.9	321.034	-57.681999999999995	6.08	sync	no
SPT-S J212414-5558.6	321.062	-55.978	3.04	sync	no
SPT-S J212428-4948.1	321.12	-49.802	83.83	sync	no
SPT-S J212431-5618.5	321.13	-56.308	10.62	sync	no
SPT-S J212449-5152.7	321.207	-51.878	7.13	sync	no
SPT-S J212530-5419.1	321.376	-54.318000000000005	4.53	dust	no
SPT-S J212530-4649.9	321.377	-46.832	4.64	sync	no
SPT-S J212554-6326.6	321.478	-63.443999999999996	3.44	sync	no
SPT-S J212555-4716.6	321.48	-47.277	4.63	sync	no
SPT-S J212604-5413.1	321.518	-54.218999999999994	1.2	sync	no
SPT-S J212615-5521.1	321.564	-55.353	12.02	sync	no
SPT-S J212627-5349.0	321.616	-53.818000000000005	9.06	sync	no
SPT-S J212630-5611.1	321.629	-56.18600000000001	4.76	sync	no
SPT-S J212630-4605.7	321.629	-46.095	409.74	sync	no
SPT-S J212634-5206.0	321.642	-52.1	5.39	sync	no
SPT-S J212642-5252.3	321.676	-52.872	5.6	sync	no
SPT-S J212642-5902.0	321.678	-59.034	14.9	sync	no
SPT-S J212720-6000.8	321.837	-60.013000000000005	11.73	dust	yes
SPT-S J212728-6001.2	321.87	-60.021	6.46	dust	yes
SPT-S J212730-5518.4	321.876	-55.308	3.02	sync	no
SPT-S J212745-5745.3	321.938	-57.756	31.65	sync	yes
SPT-S J212748-4725.6	321.95099999999996	-47.428000000000004	11.96	sync	no
SPT-S J212752-5522.2	321.968	-55.371	6.95	sync	no
SPT-S J212756-5942.0	321.986	-59.701	20.89	sync	no
SPT-S J212841-4507.3	322.17400000000004	-45.122	5.6	sync	no
SPT-S J212907-6321.7	322.282	-63.361999999999995	8.53	sync	no
SPT-S J212912-4558.4	322.301	-45.974	12.03	sync	no
SPT-S J212913-5702.1	322.305	-57.035	5.75	dust	no
SPT-S J212919-5053.0	322.33099999999996	-50.885	5.26	sync	no
SPT-S J212927-5349.7	322.366	-53.82899999999999	4.75	sync	no
SPT-S J212929-4800.1	322.373	-48.003	21.5	sync	no
SPT-S J212954-5640.3	322.478	-56.673	1.81	dust	no
SPT-S J212959-5413.6	322.498	-54.227	7.72	sync	no
SPT-S J213010-4820.3	322.545	-48.34	7.77	sync	no
SPT-S J213024-5915.5	322.601	-59.26	1.1	sync	no
SPT-S J213035-4903.9	322.64799999999997	-49.066	6.59	sync	no
SPT-S J213052-4515.7	322.719	-45.262	17.09	sync	no
SPT-S J213107-5522.7	322.781	-55.378	5.06	sync	no
SPT-S J213115-5859.7	322.813	-58.996	14.44	sync	yes
SPT-S J213125-5201.8	322.858	-52.031000000000006	4.79	sync	no
SPT-S J213125-5248.3	322.858	-52.806000000000004	2.92	sync	no
SPT-S J213144-6415.3	322.934	-64.256	7.48	sync	no
SPT-S J213206-4503.4	323.026	-45.056999999999995	6.21	sync	no
SPT-S J213207-5420.5	323.032	-54.342	78.76	sync	no
SPT-S J213228-4537.6	323.118	-45.626999999999995	8.36	sync	no
SPT-S J213244-5802.9	323.184	-58.049	4.87	dust	no
SPT-S J213305-4830.2	323.275	-48.505	7.58	sync	no
SPT-S J213314-6229.4	323.312	-62.49	8.23	sync	no
SPT-S J213316-4618.1	323.32	-46.303000000000004	6.03	sync	no
SPT-S J213345-6201.3	323.441	-62.023	10.36	sync	no
SPT-S J213346-6132.2	323.445	-61.537	6.48	sync	no
SPT-S J213404-5857.2	323.518	-58.955	4.81	sync	no
SPT-S J213404-5013.3	323.52	-50.222	5.01	dust	no
SPT-S J213406-5334.3	323.527	-53.573	9.05	dust	no
SPT-S J213418-5338.0	323.577	-53.63399999999999	9.59	sync	no
SPT-S J213448-5004.7	323.704	-50.07899999999999	1.82	dust	no
SPT-S J213509-5639.5	323.79	-56.66	4.8	sync	no
SPT-S J213519-5006.8	323.83299999999997	-50.115	80.45	sync	no
SPT-S J213522-6038.6	323.843	-60.644	9.37	sync	no
SPT-S J213534-6245.4	323.894	-62.757	2.98	dust	no
SPT-S J213540-5344.1	323.918	-53.735	8.08	sync	no
SPT-S J213543-4737.8	323.932	-47.631	4.57	sync	no
SPT-S J213544-6355.1	323.935	-63.92	4.99	dust	no
SPT-S J213544-6354.2	323.936	-63.903999999999996	11.19	dust	yes
SPT-S J213545-5802.6	323.941	-58.044	4.64	sync	no
SPT-S J213556-4504.6	323.985	-45.078	0.0	sync	no
SPT-S J213601-5021.4	324.005	-50.357	8.69	sync	no
SPT-S J213604-4955.4	324.019	-49.924	22.32	sync	no
SPT-S J213609-6040.7	324.041	-60.68	10.55	sync	no
SPT-S J213616-5018.1	324.067	-50.302	11.39	sync	no
SPT-S J213621-6335.8	324.09	-63.598	77.78	sync	no
SPT-S J213629-5433.4	324.123	-54.556999999999995	21.56	dust	yes
SPT-S J213635-4527.2	324.14799999999997	-45.45399999999999	4.68	dust	no
SPT-S J213655-4507.9	324.232	-45.132	4.89	sync	no
SPT-S J213659-6119.7	324.249	-61.33	22.57	sync	no
SPT-S J213711-5123.7	324.296	-51.396	6.63	sync	no
SPT-S J213716-4919.5	324.317	-49.327	1.25	dust	no
SPT-S J213801-4646.5	324.505	-46.777	23.84	sync	no
SPT-S J213826-5607.7	324.60900000000004	-56.128	5.02	dust	no
SPT-S J213826-4931.0	324.612	-49.516999999999996	13.39	sync	no
SPT-S J213835-5012.5	324.647	-50.21	5.19	dust	no
SPT-S J213852-6238.1	324.719	-62.636	5.67	sync	no
SPT-S J213856-4931.3	324.737	-49.522	6.21	sync	no
SPT-S J213900-4731.2	324.753	-47.521	10.51	sync	no
SPT-S J213915-4513.1	324.813	-45.218999999999994	2.16	sync	no
SPT-S J213925-4909.3	324.857	-49.157	5.21	sync	no
SPT-S J213930-5123.5	324.876	-51.393	5.15	sync	no
SPT-S J213947-5830.1	324.94599999999997	-58.501999999999995	4.82	sync	no
SPT-S J213956-6053.4	324.987	-60.891000000000005	1.83	dust	no
SPT-S J214043-5108.4	325.181	-51.141000000000005	7.7	sync	no
SPT-S J214047-5455.8	325.2	-54.931000000000004	9.72	sync	no
SPT-S J214050-5455.9	325.212	-54.931999999999995	7.06	sync	no
SPT-S J214054-6058.9	325.22700000000003	-60.982	7.68	sync	no
SPT-S J214054-5323.3	325.228	-53.388999999999996	7.11	sync	no
SPT-S J214100-6129.7	325.252	-61.496	20.56	sync	no
SPT-S J214101-5244.4	325.255	-52.74100000000001	5.08	sync	no
SPT-S J214117-5551.5	325.32099999999997	-55.86	28.63	sync	no
SPT-S J214119-6354.5	325.33099999999996	-63.909	7.13	dust	no
SPT-S J214122-5504.5	325.342	-55.076	33.55	sync	no
SPT-S J214129-4819.7	325.371	-48.32899999999999	4.82	sync	no
SPT-S J214144-5636.7	325.436	-56.613	5.46	sync	no
SPT-S J214145-6411.1	325.44	-64.186	145.24	sync	no
SPT-S J214145-4954.0	325.441	-49.901	1.05	dust	no
SPT-S J214228-5508.4	325.618	-55.141000000000005	4.63	sync	no
SPT-S J214247-5212.8	325.698	-52.215	5.32	dust	no
SPT-S J214252-5639.3	325.72	-56.655	1.54	dust	no
SPT-S J214302-6231.8	325.76	-62.531000000000006	21.15	sync	no
SPT-S J214310-6417.8	325.795	-64.298	8.5	sync	no
SPT-S J214347-5518.5	325.94599999999997	-55.31	3.48	dust	no
SPT-S J214410-6304.2	326.04400000000004	-63.071000000000005	5.18	sync	no
SPT-S J214421-6017.8	326.091	-60.297	4.57	sync	no
SPT-S J214432-5845.4	326.13599999999997	-58.758	6.97	sync	no
SPT-S J214440-6452.5	326.16900000000004	-64.875	4.81	sync	no
SPT-S J214458-5150.2	326.242	-51.836999999999996	10.04	sync	no
SPT-S J214510-4716.1	326.295	-47.268	4.79	sync	no
SPT-S J214542-6431.0	326.425	-64.518	1.92	dust	no
SPT-S J214606-4910.7	326.526	-49.18	4.6	sync	no
SPT-S J214616-4630.9	326.569	-46.516000000000005	3.13	dust	no
SPT-S J214620-5509.3	326.587	-55.155	10.71	sync	no
SPT-S J214630-5646.6	326.628	-56.778	4.73	sync	no
SPT-S J214639-5627.1	326.663	-56.453	7.73	sync	no
SPT-S J214644-5616.9	326.687	-56.282	7.48	dust	no
SPT-S J214653-5507.9	326.723	-55.133	4.75	dust	no
SPT-S J214655-5507.9	326.732	-55.132	5.06	dust	no
SPT-S J214659-4853.5	326.748	-48.891999999999996	5.36	sync	no
SPT-S J214715-5920.8	326.813	-59.347	2.93	sync	no
SPT-S J214719-5523.2	326.832	-55.388000000000005	6.27	sync	no
SPT-S J214721-5036.0	326.83799999999997	-50.6	5.05	dust	no
SPT-S J214732-5955.6	326.887	-59.928000000000004	5.2	sync	no
SPT-S J214741-4901.7	326.922	-49.028999999999996	4.53	sync	no
SPT-S J214744-5526.4	326.936	-55.44	38.7	sync	no
SPT-S J214747-5326.7	326.947	-53.446000000000005	5.85	sync	no
SPT-S J214752-4915.8	326.967	-49.265	0.0	sync	no
SPT-S J214758-5141.2	326.992	-51.687	6.59	sync	no
SPT-S J214803-5328.9	327.01599999999996	-53.483000000000004	7.89	sync	no
SPT-S J214805-5034.0	327.024	-50.567	6.26	sync	yes
SPT-S J214806-4506.4	327.026	-45.107	0.0	dust	no
SPT-S J214824-5713.8	327.101	-57.23	20.66	sync	no
SPT-S J214829-5520.3	327.122	-55.339	7.19	sync	no
SPT-S J214830-5457.6	327.127	-54.96	0.0	dust	no
SPT-S J214840-5504.2	327.17	-55.071999999999996	3.56	sync	no
SPT-S J214841-5504.4	327.173	-55.074	4.59	sync	no
SPT-S J214846-5351.3	327.19599999999997	-53.855	7.24	sync	no
SPT-S J214913-6042.6	327.308	-60.71	7.86	dust	yes
SPT-S J214914-6419.3	327.31	-64.32300000000001	7.43	sync	no
SPT-S J214915-5103.6	327.316	-51.06100000000001	5.15	sync	no
SPT-S J214918-6036.6	327.325	-60.611000000000004	6.41	dust	yes
SPT-S J214926-6429.1	327.362	-64.485	13.5	sync	yes
SPT-S J214946-6504.5	327.443	-65.075	17.78	sync	no
SPT-S J214958-4827.7	327.495	-48.461999999999996	2.19	dust	no
SPT-S J215004-6121.1	327.517	-61.353	5.84	sync	no
SPT-S J215007-4530.5	327.53	-45.50899999999999	0.0	dust	no
SPT-S J215009-6238.8	327.541	-62.647	0.63	dust	no
SPT-S J215011-5026.9	327.548	-50.45	6.25	sync	no
SPT-S J215012-5026.4	327.552	-50.441	2.46	sync	no
SPT-S J215019-6314.2	327.58099999999996	-63.236999999999995	5.55	sync	no
SPT-S J215026-5530.3	327.612	-55.505	5.69	sync	no
SPT-S J215028-6210.3	327.621	-62.172	7.07	sync	no
SPT-S J215100-6409.0	327.75199999999995	-64.15100000000001	67.86	sync	no
SPT-S J215103-5741.2	327.76599999999996	-57.688	5.88	sync	no
SPT-S J215106-4616.5	327.777	-46.276	5.29	sync	no
SPT-S J215129-5520.2	327.87300000000005	-55.338	24.4	sync	no
SPT-S J215143-5640.4	327.931	-56.674	3.98	sync	no
SPT-S J215155-5316.8	327.98199999999997	-53.282	27.12	sync	no
SPT-S J215215-5534.1	328.06699999999995	-55.57	5.75	dust	no
SPT-S J215252-4855.9	328.221	-48.931999999999995	7.99	sync	no
SPT-S J215254-6400.2	328.22900000000004	-64.003	4.66	sync	no
SPT-S J215257-5846.3	328.241	-58.772	3.07	sync	no
SPT-S J215317-4940.0	328.324	-49.667	5.1	sync	no
SPT-S J215326-5204.4	328.35900000000004	-52.074	6.4	sync	no
SPT-S J215352-5728.8	328.468	-57.481	3.81	sync	no
SPT-S J215404-6439.4	328.519	-64.658	5.62	sync	no
SPT-S J215408-5150.4	328.536	-51.841	14.27	sync	no
SPT-S J215422-4552.5	328.594	-45.876000000000005	25.78	sync	no
SPT-S J215428-5947.2	328.619	-59.788000000000004	6.6	sync	no
SPT-S J215445-5725.6	328.68800000000005	-57.428000000000004	14.46	sync	no
SPT-S J215448-5246.1	328.702	-52.77	7.92	sync	no
SPT-S J215449-5458.4	328.70599999999996	-54.974	12.69	sync	no
SPT-S J215452-5930.8	328.719	-59.513999999999996	10.22	sync	yes
SPT-S J215453-4716.7	328.725	-47.28	3.5	sync	no
SPT-S J215457-5144.0	328.741	-51.733999999999995	6.35	sync	no
SPT-S J215500-5930.4	328.75	-59.508	8.09	sync	yes
SPT-S J215503-5039.5	328.764	-50.659	5.84	dust	no
SPT-S J215509-6250.5	328.791	-62.843	11.65	sync	no
SPT-S J215543-5400.4	328.931	-54.007	24.01	sync	no
SPT-S J215551-4828.4	328.963	-48.474	6.97	sync	no
SPT-S J215555-5328.3	328.981	-53.472	12.85	sync	no
SPT-S J215608-5017.7	329.035	-50.29600000000001	5.52	sync	no
SPT-S J215610-5740.3	329.043	-57.673	9.73	sync	no
SPT-S J215610-4629.4	329.043	-46.492	7.01	sync	no
SPT-S J215620-6158.8	329.086	-61.981	4.63	sync	no
SPT-S J215644-5507.6	329.184	-55.126999999999995	4.6	sync	no
SPT-S J215648-6331.0	329.20300000000003	-63.518	38.06	sync	no
SPT-S J215656-4815.7	329.236	-48.263000000000005	2.67	sync	no
SPT-S J215704-4640.4	329.27099999999996	-46.674	13.64	sync	no
SPT-S J215742-5516.6	329.425	-55.277	4.66	sync	no
SPT-S J215745-4604.0	329.439	-46.067	9.21	sync	no
SPT-S J215749-6402.7	329.45599999999996	-64.046	18.99	sync	no
SPT-S J215752-6002.2	329.467	-60.037	4.55	sync	no
SPT-S J215839-4719.3	329.666	-47.323	14.97	sync	no
SPT-S J215841-5906.2	329.67199999999997	-59.105	6.78	sync	no
SPT-S J215858-5115.8	329.74199999999996	-51.263999999999996	9.23	sync	no
SPT-S J215900-4748.9	329.751	-47.815	6.89	sync	no
SPT-S J215918-4601.6	329.829	-46.027	9.19	sync	no
SPT-S J215923-4854.1	329.85	-48.903	0.0	dust	no
SPT-S J215926-5009.5	329.85900000000004	-50.16	0.0	dust	no
SPT-S J215950-4503.4	329.962	-45.056999999999995	16.5	sync	no
SPT-S J215955-4606.2	329.98	-46.104	8.66	sync	no
SPT-S J215958-4751.9	329.995	-47.86600000000001	32.13	sync	no
SPT-S J220016-4629.3	330.069	-46.49	4.6	sync	no
SPT-S J225347-5846.2	343.44800000000004	-58.77	15.3	sync	no
SPT-S J225359-5812.8	343.49800000000005	-58.214	7.85	sync	no
SPT-S J225423-5148.6	343.599	-51.81100000000001	29.03	sync	no
SPT-S J225457-5926.0	343.73800000000006	-59.434	74.11	sync	no
SPT-S J225549-5245.7	343.958	-52.763000000000005	24.9	sync	no
SPT-S J225601-5510.1	344.006	-55.169	7.23	sync	no
SPT-S J225611-5133.3	344.04699999999997	-51.556000000000004	7.42	sync	no
SPT-S J225614-5130.6	344.059	-51.51	4.65	sync	no
SPT-S J225647-5158.6	344.199	-51.978	9.16	sync	no
SPT-S J225746-5846.5	344.445	-58.776	5.99	sync	no
SPT-S J225818-5525.7	344.579	-55.428999999999995	11.13	sync	no
SPT-S J225852-5220.8	344.72	-52.347	28.8	sync	no
SPT-S J225859-5919.9	344.749	-59.332	5.81	sync	no
SPT-S J225904-5557.7	344.769	-55.961999999999996	4.65	sync	no
SPT-S J225943-5406.1	344.93	-54.102	0.6	dust	no
SPT-S J225959-5103.4	344.999	-51.056999999999995	22.81	sync	no
SPT-S J230057-5254.0	345.24	-52.9	22.28	sync	no
SPT-S J230059-5236.8	345.249	-52.614	4.85	sync	no
SPT-S J230121-5144.8	345.339	-51.747	4.82	sync	no
SPT-S J230136-5913.3	345.402	-59.223	79.93	sync	no
SPT-S J230139-5602.5	345.414	-56.043	9.63	sync	no
SPT-S J230159-5343.6	345.499	-53.727	7.37	sync	no
SPT-S J230228-5755.3	345.621	-57.923	4.59	sync	no
SPT-S J230257-5822.4	345.74	-58.375	11.64	sync	no
SPT-S J230259-5031.8	345.74800000000005	-50.531000000000006	7.16	sync	no
SPT-S J230331-5126.7	345.88199999999995	-51.445	4.87	sync	no
SPT-S J230351-5406.7	345.966	-54.113	69.42	sync	no
SPT-S J230435-5039.4	346.147	-50.657	11.42	sync	no
SPT-S J230441-5347.6	346.17400000000004	-53.795	5.52	sync	no
SPT-S J230610-5344.5	346.543	-53.743	6.27	sync	yes
SPT-S J230619-5835.3	346.583	-58.588	9.31	sync	no
SPT-S J230741-5250.6	346.925	-52.843999999999994	18.37	sync	no
SPT-S J230801-5628.2	347.004	-56.47	4.51	sync	no
SPT-S J230804-5218.9	347.01800000000003	-52.316	12.41	sync	no
SPT-S J230835-5846.6	347.148	-58.778	10.2	sync	no
SPT-S J230902-5050.9	347.26099999999997	-50.85	87.85	sync	no
SPT-S J230918-5757.8	347.327	-57.964	4.82	sync	no
SPT-S J230940-5703.3	347.417	-57.056000000000004	5.35	sync	no
SPT-S J230948-5822.2	347.45300000000003	-58.371	11.14	sync	no
SPT-S J230955-5942.3	347.48	-59.706	0.0	dust	no
SPT-S J231026-5004.8	347.61199999999997	-50.081	4.68	sync	no
SPT-S J231028-5941.2	347.61800000000005	-59.688	11.34	sync	no
SPT-S J231109-5624.8	347.791	-56.415	11.91	sync	no
SPT-S J231117-5457.7	347.82300000000004	-54.961999999999996	7.6	sync	no
SPT-S J231125-5450.5	347.85400000000004	-54.842	4.57	dust	no
SPT-S J231202-5652.4	348.00800000000004	-56.873999999999995	6.2	sync	no
SPT-S J231233-5639.4	348.14099999999996	-56.657	6.75	sync	no
SPT-S J231251-5335.8	348.217	-53.598	12.35	sync	no
SPT-S J231254-5717.6	348.227	-57.295	4.79	sync	no
SPT-S J231307-5504.0	348.282	-55.067	5.23	sync	no
SPT-S J231326-5343.5	348.36199999999997	-53.726000000000006	16.04	sync	no
SPT-S J231331-5050.5	348.38199999999995	-50.842	5.17	sync	no
SPT-S J231334-5200.0	348.394	-52.001000000000005	13.64	sync	no
SPT-S J231349-5301.6	348.455	-53.027	4.65	sync	no
SPT-S J231403-5443.4	348.514	-54.724	7.8	sync	no
SPT-S J231408-5026.5	348.535	-50.442	6.21	sync	no
SPT-S J231411-5617.4	348.54900000000004	-56.29	20.17	sync	no
SPT-S J231416-5453.5	348.569	-54.893	4.74	dust	no
SPT-S J231420-5902.2	348.587	-59.037	4.97	sync	no
SPT-S J231422-5327.2	348.593	-53.45399999999999	4.51	sync	no
SPT-S J231505-5959.0	348.774	-59.983999999999995	0.36	dust	no
SPT-S J231513-5500.8	348.80800000000005	-55.013999999999996	5.53	sync	no
SPT-S J231529-5938.8	348.87199999999996	-59.647	5.66	sync	no
SPT-S J231532-5058.9	348.88699999999994	-50.983000000000004	5.65	sync	no
SPT-S J231543-5039.4	348.93199999999996	-50.657	6.54	sync	no
SPT-S J231544-5018.6	348.935	-50.31100000000001	297.06	sync	no
SPT-S J231548-5903.2	348.95	-59.053000000000004	5.89	sync	no
SPT-S J231610-5330.0	349.045	-53.501999999999995	6.63	sync	no
SPT-S J231623-5429.7	349.098	-54.496	5.71	sync	no
SPT-S J231653-5507.9	349.222	-55.132	13.07	sync	no
SPT-S J231655-5559.6	349.231	-55.993	5.61	sync	no
SPT-S J231657-5036.7	349.23800000000006	-50.611999999999995	1.5	dust	no
SPT-S J231702-5210.1	349.259	-52.17	5.96	sync	no
SPT-S J231705-5903.8	349.274	-59.063	5.21	sync	no
SPT-S J231722-5833.3	349.343	-58.555	1.85	dust	no
SPT-S J231729-5257.3	349.37300000000005	-52.956	4.63	sync	no
SPT-S J231915-5331.9	349.816	-53.533	23.08	sync	no
SPT-S J231922-5557.9	349.845	-55.966	4.88	dust	no
SPT-S J232021-5757.9	350.09	-57.966	1.79	dust	no
SPT-S J232025-5257.4	350.10699999999997	-52.957	0.14	dust	no
SPT-S J232029-5326.2	350.12199999999996	-53.437	4.83	sync	no
SPT-S J232031-5337.2	350.13300000000004	-53.621	10.95	sync	yes
SPT-S J232041-5239.4	350.17199999999997	-52.658	0.0	dust	no
SPT-S J232048-5309.7	350.2	-53.163000000000004	47.99	sync	no
SPT-S J232100-5402.6	350.251	-54.043	33.72	sync	no
SPT-S J232105-5027.2	350.27099999999996	-50.45399999999999	4.96	sync	no
SPT-S J232128-5833.5	350.369	-58.559	11.79	sync	no
SPT-S J232143-5620.4	350.431	-56.341	7.93	sync	no
SPT-S J232156-5125.9	350.486	-51.431999999999995	7.14	sync	no
SPT-S J232206-5445.5	350.527	-54.75899999999999	5.21	dust	no
SPT-S J232232-5551.9	350.63599999999997	-55.865	6.26	sync	no
SPT-S J232252-5322.0	350.719	-53.368	32.0	sync	no
SPT-S J232303-5221.7	350.767	-52.361999999999995	5.45	sync	no
SPT-S J232338-5446.5	350.909	-54.776	2.61	dust	no
SPT-S J232341-5450.1	350.921	-54.836000000000006	5.31	sync	no
SPT-S J232349-5744.7	350.957	-57.745	1.48	sync	no
SPT-S J232420-5013.0	351.084	-50.217	4.58	sync	no
SPT-S J232421-5525.7	351.088	-55.428999999999995	5.33	sync	no
SPT-S J232511-5656.5	351.29699999999997	-56.942	13.85	sync	no
SPT-S J232521-5747.4	351.338	-57.791000000000004	4.92	dust	no
SPT-S J232621-5655.7	351.588	-56.93	5.18	sync	no
SPT-S J232637-5516.7	351.657	-55.28	2.18	dust	no
SPT-S J232735-5709.8	351.898	-57.163999999999994	17.75	sync	no
SPT-S J232744-5225.5	351.935	-52.426	15.26	sync	no
SPT-S J232753-5031.8	351.972	-50.531000000000006	6.14	sync	no
SPT-S J232805-5630.1	352.02099999999996	-56.501999999999995	17.98	sync	no
SPT-S J232806-5358.4	352.025	-53.974	2.28	sync	no
SPT-S J232819-5410.6	352.08	-54.178000000000004	4.64	sync	no
SPT-S J232822-5003.0	352.095	-50.051	4.6	sync	no
SPT-S J232917-5624.4	352.324	-56.408	4.57	sync	no
SPT-S J232919-5339.0	352.33099999999996	-53.651	6.82	sync	no
SPT-S J232920-4955.6	352.337	-49.928000000000004	388.22	sync	no
SPT-S J233002-5109.2	352.509	-51.155	4.8	sync	no
SPT-S J233016-5207.8	352.57	-52.131	7.99	sync	no
SPT-S J233043-5047.4	352.68300000000005	-50.791000000000004	8.24	sync	no
SPT-S J233117-5211.8	352.82099999999997	-52.198	5.81	sync	no
SPT-S J233226-5857.3	353.111	-58.956	3.16	dust	no
SPT-S J233227-5358.6	353.116	-53.977	0.0	dust	no
SPT-S J233251-5825.4	353.214	-58.424	28.66	sync	no
SPT-S J233302-5141.9	353.26199999999994	-51.7	4.3	dust	yes
SPT-S J233306-5416.1	353.277	-54.269	8.07	sync	no
SPT-S J233316-5405.6	353.319	-54.093999999999994	8.87	dust	yes
SPT-S J233438-5441.4	353.66	-54.691	5.14	sync	no
SPT-S J233444-5251.3	353.68699999999995	-52.855	241.15	sync	no
SPT-S J233513-5324.0	353.80699999999996	-53.401	4.82	dust	no
SPT-S J233549-5605.7	353.958	-56.096000000000004	0.98	dust	no
SPT-S J233553-5700.7	353.973	-57.013000000000005	1.35	dust	no
SPT-S J233558-5310.6	353.995	-53.178000000000004	7.38	sync	no
SPT-S J233612-5236.3	354.051	-52.606	242.21	sync	no
SPT-S J233621-5558.7	354.091	-55.979	1.6	dust	no
SPT-S J233649-5219.9	354.20599999999996	-52.333	4.76	sync	no
SPT-S J233710-5801.6	354.293	-58.027	5.5	sync	no
SPT-S J233721-5033.3	354.34	-50.556000000000004	5.32	sync	no
SPT-S J233723-5216.3	354.347	-52.272	28.2	sync	no
SPT-S J233726-5901.2	354.36199999999997	-59.021	93.88	sync	no
SPT-S J233757-5758.9	354.491	-57.982	1.84	sync	no
SPT-S J233817-5419.5	354.57199999999995	-54.326	6.12	sync	no
SPT-S J233834-5800.3	354.642	-58.005	3.03	dust	no
SPT-S J233837-5458.8	354.656	-54.982	7.46	sync	no
SPT-S J233846-5401.5	354.69199999999995	-54.026	0.78	dust	no
SPT-S J233855-5415.2	354.733	-54.255	4.71	sync	no
SPT-S J233914-5523.7	354.81	-55.396	6.24	sync	no
SPT-S J233935-5426.1	354.898	-54.435	4.98	sync	no
SPT-S J233939-5505.4	354.914	-55.091	15.02	sync	no
SPT-S J233950-5354.5	354.962	-53.908	4.9	sync	no
SPT-S J233955-5041.1	354.983	-50.685	5.89	sync	no
SPT-S J233957-5937.3	354.99	-59.623000000000005	8.13	sync	no
SPT-S J234009-5943.1	355.038	-59.72	3.65	dust	no
SPT-S J234047-5919.4	355.19699999999995	-59.324	5.38	sync	no
SPT-S J234047-5311.4	355.2	-53.19	4.59	sync	no
SPT-S J234118-5816.1	355.32800000000003	-58.27	15.6	sync	no
SPT-S J234119-5406.0	355.33	-54.101000000000006	7.57	sync	no
SPT-S J234119-5928.0	355.33099999999996	-59.467	5.15	sync	no
SPT-S J234122-5256.4	355.344	-52.941	0.0	dust	no
SPT-S J234126-5117.4	355.36199999999997	-51.291000000000004	4.51	sync	no
SPT-S J234131-5801.2	355.38300000000004	-58.021	0.0	dust	no
SPT-S J234131-5935.7	355.38300000000004	-59.596000000000004	4.69	sync	no
SPT-S J234159-5642.9	355.49699999999996	-56.716	1.99	sync	no
SPT-S J234159-5943.0	355.49800000000005	-59.718	0.0	dust	no
SPT-S J234217-5429.3	355.575	-54.489	6.71	sync	no
SPT-S J234224-5647.5	355.602	-56.793	5.18	sync	no
SPT-S J234226-5647.0	355.60900000000004	-56.784	2.69	dust	no
SPT-S J234228-5411.8	355.621	-54.198	4.74	sync	no
SPT-S J234256-5726.6	355.73400000000004	-57.445	1.02	dust	no
SPT-S J234315-5558.6	355.81300000000005	-55.978	3.08	dust	no
SPT-S J234317-5709.6	355.82300000000004	-57.162	36.08	sync	no
SPT-S J234324-5824.3	355.852	-58.406000000000006	9.88	sync	no
SPT-S J234327-5626.4	355.86300000000006	-56.44	77.13	sync	no
SPT-S J234335-5823.3	355.898	-58.388999999999996	4.96	sync	no
SPT-S J234347-5114.8	355.94599999999997	-51.248000000000005	5.32	sync	yes
SPT-S J234410-5135.8	356.043	-51.597	0.84	dust	no
SPT-S J234432-5039.9	356.134	-50.666000000000004	9.1	sync	no
SPT-S J234451-5904.9	356.213	-59.082	14.04	sync	no
SPT-S J234453-5903.7	356.224	-59.063	6.38	sync	no
SPT-S J234500-5416.2	356.25	-54.27	0.21	dust	no
SPT-S J234505-5429.0	356.275	-54.483999999999995	1.18	dust	no
SPT-S J234524-5730.9	356.35400000000004	-57.516000000000005	4.71	sync	no
SPT-S J234527-5953.6	356.365	-59.894	48.16	sync	no
SPT-S J234531-5246.8	356.38199999999995	-52.781000000000006	4.64	sync	no
SPT-S J234612-5551.8	356.55199999999996	-55.865	14.15	sync	no
SPT-S J234632-5828.5	356.634	-58.476000000000006	6.97	sync	no
SPT-S J234642-5733.1	356.67699999999996	-57.552	1.85	sync	no
SPT-S J234707-5718.2	356.782	-57.303999999999995	9.31	sync	no
SPT-S J234714-5650.9	356.811	-56.849	16.06	sync	no
SPT-S J234719-5110.5	356.833	-51.177	82.49	sync	no
SPT-S J234738-5720.6	356.909	-57.343999999999994	6.81	sync	no
SPT-S J234752-5915.7	356.969	-59.263000000000005	21.57	sync	yes
SPT-S J234844-5847.2	357.18699999999995	-58.787	17.9	sync	no
SPT-S J234847-5321.1	357.19699999999995	-53.353	7.31	sync	no
SPT-S J234853-5103.1	357.221	-51.053000000000004	22.9	sync	no
SPT-S J234915-5435.5	357.316	-54.593	5.95	sync	no
SPT-S J234928-5246.9	357.37	-52.782	1.74	dust	no
SPT-S J234942-5637.8	357.42699999999996	-56.631	5.3	sync	yes
SPT-S J234944-5638.3	357.435	-56.638999999999996	3.65	dust	yes
SPT-S J235149-5722.2	357.957	-57.371	4.79	dust	no
SPT-S J235201-5829.0	358.006	-58.485	17.04	sync	yes
SPT-S J235242-5927.8	358.17699999999996	-59.464	6.52	sync	no
SPT-S J235302-5530.0	358.26	-55.501000000000005	10.69	sync	no
SPT-S J235311-5448.0	358.29900000000004	-54.801	5.36	sync	no
SPT-S J235312-5311.6	358.30400000000003	-53.193999999999996	5.78	sync	no
SPT-S J235322-5857.4	358.345	-58.958	24.14	sync	no
SPT-S J235339-5010.1	358.414	-50.169	4.46	dust	no
SPT-S J235434-5815.1	358.64300000000003	-58.253	1.74	dust	no
SPT-S J235540-5418.5	358.917	-54.31	46.96	sync	no
SPT-S J235603-5112.8	359.015	-51.213	5.99	sync	no
SPT-S J235718-5153.7	359.327	-51.895	2.78	dust	no
SPT-S J235735-5356.2	359.4	-53.938	0.1	dust	no
SPT-S J235742-5850.2	359.42699999999996	-58.836999999999996	0.28	dust	no
SPT-S J235744-5935.9	359.434	-59.599	9.15	sync	no
SPT-S J235753-5311.2	359.471	-53.187	766.43	sync	no
SPT-S J235808-5551.4	359.537	-55.858000000000004	6.92	sync	no
SPT-S J235811-5135.2	359.548	-51.588	4.62	sync	no
SPT-S J235825-5947.5	359.60699999999997	-59.792	4.61	sync	no
SPT-S J235848-5335.4	359.70099999999996	-53.591	7.65	sync	no
SPT-S J235856-5106.1	359.73400000000004	-51.102	5.99	sync	no
SPT-S J235926-5048.0	359.858	-50.801	1.94	sync	no
SPT-S J235947-5042.5	359.94800000000004	-50.71	39.9	sync	no
