# SPT ID	SN_220_GHz	SN_95_GHz
SPT-S J000038-5347.2	4.58	
SPT-S J000119-5345.1	4.68	
SPT-S J000156-5143.6	4.57	
SPT-S J000212-5927.5	2.08	
SPT-S J000253-5948.2	19.63	
SPT-S J000254-5621.3	1.19	
SPT-S J000303-5530.1	3.15	
SPT-S J000309-5258.2	1.33	
SPT-S J000310-5444.9	8.2	
SPT-S J000313-5905.8	4.42	
SPT-S J000357-5343.7	5.19	
SPT-S J000413-5255.0	6.68	
SPT-S J020144-6316.2	0.98	5.18
SPT-S J020154-6033.5	1.66	3.81
SPT-S J020154-6346.5	1.1	7.64
SPT-S J020203-6051.1	0.0	4.5
SPT-S J020208-6051.6	0.31	3.75
SPT-S J020227-6320.3	2.99	8.39
SPT-S J020233-6246.3	4.67	0.0
SPT-S J020252-6323.4	1.69	5.07
SPT-S J020259-6121.1	10.54	2.93
SPT-S J020302-5726.7	1.11	3.23
SPT-S J020315-5722.9	0.0	2.27
SPT-S J020317-5557.2	5.41	12.49
SPT-S J020343-6155.9	2.56	8.14
SPT-S J020411-5802.6	1.33	5.32
SPT-S J020448-5502.8	7.96	21.28
SPT-S J020454-5619.7	0.44	1.8
SPT-S J020514-5558.9	1.58	5.12
SPT-S J020514-5558.1	2.38	3.66
SPT-S J020541-5531.9	2.79	9.91
SPT-S J020549-5551.5	4.71	14.1
SPT-S J020639-6143.5	27.14	76.35
SPT-S J020640-5749.7	1.16	5.81
SPT-S J020650-6442.7	0.33	3.57
SPT-S J020711-5712.0	1.28	5.47
SPT-S J020721-5751.3	4.51	0.39
SPT-S J020750-6425.9	0.0	0.76
SPT-S J020800-6216.5	6.64	37.43
SPT-S J020808-5703.9	0.63	3.69
SPT-S J020911-6229.3	2.5	8.06
SPT-S J020955-5525.8	1.96	3.42
SPT-S J021121-5943.0	0.0	6.1
SPT-S J021126-6156.4	0.42	6.98
SPT-S J021204-6146.8	0.42	0.0
SPT-S J021244-5807.6	0.25	0.28
SPT-S J021251-6006.1	0.0	4.54
SPT-S J021359-6118.1	3.51	11.45
SPT-S J021406-6226.0	2.2	3.73
SPT-S J021410-5822.0	11.04	27.29
SPT-S J021416-6149.5	85.77	252.83
SPT-S J021431-6404.7	4.58	0.15
SPT-S J021450-5454.2	4.99	1.74
SPT-S J021457-6122.3	0.3	0.61
SPT-S J021457-6012.2	1.1	9.21
SPT-S J021514-6414.4	1.67	4.52
SPT-S J021709-5718.2	5.96	15.25
SPT-S J021727-5951.6	4.71	15.17
SPT-S J021834-5503.7	6.57	21.45
SPT-S J021843-6207.7	4.9	0.0
SPT-S J021910-5549.6	1.08	5.85
SPT-S J021937-6156.3	0.5	5.37
SPT-S J021956-6054.4	0.48	4.75
SPT-S J021958-5839.8	2.54	8.93
SPT-S J022053-6330.3	37.36	119.9
SPT-S J022135-6436.6	5.36	0.99
SPT-S J022150-5647.4	19.25	57.89
SPT-S J022157-6405.5	6.29	16.8
SPT-S J022203-5836.4	1.67	6.05
SPT-S J022247-6041.1	6.02	16.71
SPT-S J022332-5606.4	5.26	11.59
SPT-S J022335-6419.9	1.09	5.05
SPT-S J022341-5600.3	1.14	5.46
SPT-S J022353-5913.6	0.52	4.37
SPT-S J022413-6515.9	2.92	0.0
SPT-S J022526-5710.2	0.0	3.07
SPT-S J022528-5722.3	0.2	3.02
SPT-S J022552-5953.5	1.21	0.76
SPT-S J022612-6442.5	4.83	0.16
SPT-S J022626-5913.8	1.82	5.58
SPT-S J022627-5609.6	0.0	1.24
SPT-S J022649-6120.6	2.28	8.61
SPT-S J022652-6016.2	3.98	10.1
SPT-S J022705-6331.6	1.47	5.13
SPT-S J022706-6118.0	1.77	5.85
SPT-S J022752-6127.8	0.66	0.0
SPT-S J022755-6158.0	1.42	7.42
SPT-S J022757-6329.9	2.08	0.8
SPT-S J022821-5537.4	4.65	20.84
SPT-S J022821-5546.0	26.45	86.5
SPT-S J022840-5808.5	2.36	1.44
SPT-S J022925-6407.4	1.41	1.52
SPT-S J023008-5951.3	2.23	5.25
SPT-S J023011-6214.4	12.42	50.87
SPT-S J023018-6101.7	0.82	4.54
SPT-S J023048-6301.3	4.54	0.78
SPT-S J023109-5755.1	12.43	32.26
SPT-S J023116-5840.9	10.36	45.35
SPT-S J023132-5618.9	2.17	0.0
SPT-S J023138-5726.3	0.0	2.39
SPT-S J023209-5939.1	0.24	5.45
SPT-S J023309-5603.8	2.72	2.85
SPT-S J023444-5700.7	4.88	0.9
SPT-S J023452-5710.6	0.0	0.5
SPT-S J023524-5547.9	5.25	0.39
SPT-S J023608-5911.4	2.68	3.13
SPT-S J023653-6136.1	70.3	183.3
SPT-S J023714-6512.2	1.28	2.72
SPT-S J023800-5717.3	3.47	3.95
SPT-S J023809-6039.0	1.95	0.05
SPT-S J023837-6034.9	0.86	0.55
SPT-S J024021-5836.9	0.48	2.5
SPT-S J024052-6104.2	0.11	2.92
SPT-S J024113-5910.4	3.6	2.61
SPT-S J024217-6357.5	2.98	7.1
SPT-S J024221-5507.3	2.56	9.87
SPT-S J024324-5738.8	6.13	15.19
SPT-S J024326-5612.6	3.74	26.54
SPT-S J024439-5819.8	3.01	7.34
SPT-S J024448-6058.8	2.68	5.24
SPT-S J024453-5947.9	6.85	18.51
SPT-S J024507-5544.5	9.06	2.43
SPT-S J024544-6320.6	4.61	0.0
SPT-S J024618-5527.4	5.72	0.26
SPT-S J024639-5955.6	3.17	6.33
SPT-S J024655-5541.2	0.13	4.14
SPT-S J024709-6325.6	8.32	35.34
SPT-S J024825-5656.1	4.84	2.41
SPT-S J024838-6209.4	0.02	4.82
SPT-S J024852-5457.1	2.76	0.0
SPT-S J024859-5551.3	0.28	4.67
SPT-S J024916-6317.3	4.7	0.21
SPT-S J024929-6020.9	2.44	4.83
SPT-S J024934-5948.6	0.19	4.69
SPT-S J024948-5556.3	2.34	14.48
SPT-S J024955-6023.1	3.64	11.51
SPT-S J025035-6355.0	6.62	25.73
SPT-S J025050-5455.3	0.97	2.25
SPT-S J025126-6000.1	32.46	96.8
SPT-S J025139-6400.4	1.65	5.15
SPT-S J025222-5756.9	4.68	0.0
SPT-S J025228-5508.0	1.01	1.4
SPT-S J025250-6402.8	5.37	12.37
SPT-S J025307-5854.0	0.0	2.69
SPT-S J025345-6513.1	2.43	12.89
SPT-S J025405-5925.6	1.24	9.3
SPT-S J025615-6453.8	3.66	9.18
SPT-S J025651-6028.5	2.24	5.84
SPT-S J025710-6345.1	2.05	10.78
SPT-S J025736-6112.5	7.16	27.67
SPT-S J025824-6018.3	2.2	6.35
SPT-S J025855-6133.5	4.78	0.62
SPT-S J025931-6046.2	4.52	0.0
SPT-S J025955-6022.2	1.15	0.82
SPT-S J030013-6512.8	5.49	0.0
SPT-S J030024-6047.9	3.15	0.0
SPT-S J030032-6510.7	1.32	4.75
SPT-S J030051-6153.7	1.97	4.55
SPT-S J030056-5457.6	3.2	4.99
SPT-S J030104-6319.1	0.1	0.0
SPT-S J030120-6233.6	3.39	4.0
SPT-S J030232-6022.8	1.17	3.39
SPT-S J030318-6138.0	2.21	8.01
SPT-S J030318-5640.3	2.81	0.0
SPT-S J030322-6413.3	0.48	0.75
SPT-S J030326-5918.7	5.94	0.0
SPT-S J030333-6411.4	6.49	13.42
SPT-S J030336-6214.6	4.66	14.64
SPT-S J030349-6211.4	180.87	549.71
SPT-S J030349-6458.9	20.36	56.08
SPT-S J030415-5454.4	0.4	2.8
SPT-S J030458-6035.9	0.85	9.53
SPT-S J030547-5813.4	0.98	2.93
SPT-S J030615-5528.1	12.07	38.73
SPT-S J030634-6507.3	0.54	5.65
SPT-S J030642-5458.0	2.06	1.59
SPT-S J030655-5527.5	0.76	0.0
SPT-S J030703-5705.1	7.49	27.51
SPT-S J030742-6305.2	2.32	0.82
SPT-S J030743-6110.5	1.78	0.65
SPT-S J030843-5921.8	4.65	0.0
SPT-S J030848-5623.3	4.52	1.31
SPT-S J030904-6339.3	4.53	1.65
SPT-S J030921-5753.2	4.54	0.63
SPT-S J030921-5956.9	0.78	7.52
SPT-S J030954-6058.5	116.97	341.75
SPT-S J031010-5730.6	5.53	22.93
SPT-S J031016-6340.2	0.77	6.03
SPT-S J031042-5639.3	1.65	4.01
SPT-S J031134-5823.5	5.09	0.11
SPT-S J031149-6320.6	1.14	0.0
SPT-S J031153-5632.0	0.0	3.33
SPT-S J031155-6200.8	6.42	19.3
SPT-S J031157-5632.3	0.0	4.66
SPT-S J031207-5541.5	16.12	56.57
SPT-S J031207-6255.7	1.32	4.53
SPT-S J031219-6123.3	2.22	5.27
SPT-S J031247-6104.8	4.09	5.25
SPT-S J031305-5721.2	9.0	2.55
SPT-S J031331-5613.6	1.44	5.79
SPT-S J031350-5541.9	4.77	0.44
SPT-S J031428-5749.7	1.72	3.29
SPT-S J031453-6254.4	0.38	0.59
SPT-S J031523-6100.2	4.99	0.26
SPT-S J031606-6109.7	4.96	0.0
SPT-S J031614-6437.5	2.98	6.17
SPT-S J031634-6503.6	2.96	6.25
SPT-S J031638-6013.6	3.32	8.5
SPT-S J031639-6158.7	5.49	2.19
SPT-S J031643-6402.4	4.77	0.0
SPT-S J031704-5800.8	3.12	10.7
SPT-S J031704-6209.9	0.0	4.59
SPT-S J031706-5801.4	4.66	3.51
SPT-S J031723-6331.8	1.67	4.73
SPT-S J031739-5547.1	0.5	0.0
SPT-S J031743-6513.1	4.59	2.25
SPT-S J031744-5726.8	3.5	1.34
SPT-S J031745-5506.3	3.82	10.52
SPT-S J031810-5710.4	1.19	9.88
SPT-S J031831-5609.7	2.87	8.06
SPT-S J031858-5650.5	4.62	17.43
SPT-S J031902-5930.1	0.0	2.12
SPT-S J032022-6420.1	0.9	7.3
SPT-S J032101-6239.6	2.47	5.21
SPT-S J032151-5819.1	0.03	5.8
SPT-S J032201-6245.0	4.61	7.23
SPT-S J032213-6307.7	9.54	24.18
SPT-S J032242-5900.4	5.34	11.78
SPT-S J032307-6026.4	23.37	69.72
SPT-S J032342-6236.3	1.05	0.49
SPT-S J032405-5520.7	1.19	3.56
SPT-S J032522-5629.0	2.97	11.21
SPT-S J032523-5635.6	4.93	15.16
SPT-S J032642-6224.2	4.63	12.76
SPT-S J032743-5751.3	1.73	0.0
SPT-S J032750-6032.5	1.74	4.8
SPT-S J032819-5758.6	1.19	5.31
SPT-S J032826-6201.1	0.24	4.11
SPT-S J032838-6447.4	6.19	0.0
SPT-S J032842-6058.8	1.15	4.39
SPT-S J032931-5826.1	1.21	7.5
SPT-S J032938-5853.2	8.89	18.76
SPT-S J032941-6203.9	5.79	0.37
SPT-S J032945-5842.1	4.53	0.27
SPT-S J032949-5609.1	4.66	0.0
SPT-S J033047-5635.6	1.79	2.52
SPT-S J033056-5512.8	4.53	1.05
SPT-S J033117-6155.3	4.67	17.03
SPT-S J033134-5922.4	0.47	6.63
SPT-S J033144-6517.9	3.9	11.97
SPT-S J033159-6234.1	4.94	0.24
SPT-S J033216-6132.6	4.14	10.75
SPT-S J033252-5535.4	2.25	1.17
SPT-S J033253-6412.3	1.93	5.7
SPT-S J033254-5805.7	6.2	17.35
SPT-S J033311-5634.7	1.93	8.49
SPT-S J033443-5925.8	0.0	6.05
SPT-S J033506-5552.2	2.87	5.56
SPT-S J033511-5812.7	1.21	4.55
SPT-S J033513-6008.0	1.74	13.39
SPT-S J033634-5756.5	0.88	1.74
SPT-S J033658-5605.0	2.94	0.77
SPT-S J033658-6143.2	0.37	0.73
SPT-S J033714-6416.4	3.68	8.61
SPT-S J033740-5840.6	1.59	7.67
SPT-S J033746-6402.6	0.12	0.0
SPT-S J033749-5601.2	0.0	5.1
SPT-S J033853-6406.4	1.54	2.76
SPT-S J033913-5458.0	2.06	5.03
SPT-S J034031-6136.4	4.85	1.13
SPT-S J034056-6041.2	2.34	5.28
SPT-S J034121-5954.1	4.55	17.13
SPT-S J034129-6502.9	0.0	2.02
SPT-S J034137-5534.3	0.7	9.61
SPT-S J034159-6336.1	1.68	7.74
SPT-S J034227-6244.8	0.0	5.15
SPT-S J034242-5850.5	2.21	2.44
SPT-S J034253-5945.5	1.44	0.0
SPT-S J034319-6442.8	6.04	15.12
SPT-S J034321-5600.3	2.4	3.19
SPT-S J034325-6303.3	2.1	5.14
SPT-S J034327-6450.5	0.45	5.1
SPT-S J034335-5503.1	1.22	5.28
SPT-S J034406-6334.6	0.99	1.71
SPT-S J034430-5553.0	0.72	2.74
SPT-S J034449-6247.7	6.69	19.42
SPT-S J034451-5907.7	2.81	0.0
SPT-S J034454-6513.3	0.95	3.38
SPT-S J034557-5746.5	4.54	0.0
SPT-S J034632-5458.0	1.34	6.46
SPT-S J034650-6113.0	4.69	0.35
SPT-S J034754-6507.6	0.0	2.94
SPT-S J034926-5740.7	4.79	0.36
SPT-S J035022-5816.4	3.24	13.05
SPT-S J035055-6217.1	1.02	5.1
SPT-S J035056-6209.3	2.33	6.37
SPT-S J035059-6421.0	1.4	2.32
SPT-S J035100-6420.2	2.39	8.41
SPT-S J035103-6102.5	0.81	4.5
SPT-S J035147-5504.2	4.53	0.6
SPT-S J035152-5937.7	12.12	39.85
SPT-S J035237-6058.4	3.52	7.78
SPT-S J035239-6043.0	0.0	0.16
SPT-S J035311-6232.8	0.0	5.99
SPT-S J035329-6356.9	0.0	3.05
SPT-S J035351-5922.4	0.08	0.15
SPT-S J035523-6044.7	0.06	5.61
SPT-S J035549-6330.9	6.79	21.98
SPT-S J035706-5929.0	0.71	8.26
SPT-S J035813-5952.4	5.65	13.53
SPT-S J035901-6154.3	2.53	19.38
SPT-S J035924-5757.4	3.65	10.14
SPT-S J040037-6412.7	1.22	8.57
SPT-S J040040-5757.3	2.36	6.1
SPT-S J040124-6110.1	4.25	16.88
SPT-S J040141-6121.4	4.84	0.0
SPT-S J040146-5927.1	8.94	23.49
SPT-S J040151-6430.5	3.06	18.65
SPT-S J040152-5808.0	0.0	0.0
SPT-S J040233-6218.6	1.54	0.78
SPT-S J040239-6240.9	4.75	1.05
SPT-S J040257-5710.3	0.91	5.39
SPT-S J040305-6347.5	2.09	7.93
SPT-S J040321-6305.5	2.17	7.93
SPT-S J040331-5849.9	5.27	0.0
SPT-S J040401-5520.4	2.98	13.42
SPT-S J040447-5948.9	4.51	0.22
SPT-S J040510-5919.8	0.6	3.87
SPT-S J040514-5957.8	1.16	4.46
SPT-S J040539-6059.6	0.2	3.79
SPT-S J040612-5458.9	0.08	5.57
SPT-S J040613-5755.5	0.79	1.47
SPT-S J040644-6218.0	0.0	5.3
SPT-S J040659-5908.8	0.0	4.62
SPT-S J040749-6306.4	0.0	2.61
SPT-S J040949-5616.1	0.0	0.73
SPT-S J041100-5751.2	1.32	5.38
SPT-S J041158-6436.1	1.19	6.27
SPT-S J041248-5616.6	11.31	32.87
SPT-S J041250-5600.8	3.73	13.1
SPT-S J041250-6358.0	0.86	5.84
SPT-S J041254-5828.0	0.96	4.55
SPT-S J041310-6424.4	0.07	4.65
SPT-S J041334-6457.2	0.23	5.4
SPT-S J041337-6457.6	0.0	3.35
SPT-S J041352-5657.9	11.79	30.18
SPT-S J041355-5523.9	0.0	0.0
SPT-S J041437-5603.6	14.38	3.34
SPT-S J041441-6130.8	0.6	5.05
SPT-S J041441-6349.7	0.87	2.85
SPT-S J041457-5608.0	1.31	5.65
SPT-S J041558-6446.6	3.46	7.51
SPT-S J041623-6012.4	8.05	2.35
SPT-S J041628-6455.5	1.9	9.48
SPT-S J041648-5847.1	0.0	3.94
SPT-S J041736-6246.8	24.05	13.21
SPT-S J041752-5556.4	5.03	0.18
SPT-S J041754-5555.6	3.49	0.59
SPT-S J041801-5849.2	2.1	4.54
SPT-S J041846-5921.4	1.88	5.54
SPT-S J041907-5906.6	3.79	16.42
SPT-S J041936-5711.6	0.32	8.22
SPT-S J041959-6143.0	0.77	4.56
SPT-S J041959-5456.2	21.21	11.87
SPT-S J042001-5636.2	1.15	4.6
SPT-S J042015-5511.5	1.95	7.39
SPT-S J042025-6513.9	7.72	20.53
SPT-S J042041-5756.2	1.86	10.07
SPT-S J042045-5557.1	4.79	11.42
SPT-S J042056-6223.4	3.1	14.62
SPT-S J042113-5956.0	1.11	3.1
SPT-S J042152-5842.8	0.81	6.26
SPT-S J042202-5621.2	2.86	16.51
SPT-S J042209-5954.1	0.53	4.64
SPT-S J042222-5846.8	2.17	1.04
SPT-S J042227-6506.9	5.12	15.96
SPT-S J042418-6102.9	1.41	3.68
SPT-S J042503-5754.7	7.55	27.13
SPT-S J042533-6348.4	3.14	10.62
SPT-S J042535-5817.7	1.3	0.0
SPT-S J042536-5906.6	5.22	10.83
SPT-S J042630-5936.5	0.0	0.0
SPT-S J042632-6003.6	4.76	0.43
SPT-S J042753-5503.4	4.69	0.88
SPT-S J042808-6438.1	26.96	92.12
SPT-S J042918-5558.0	1.7	5.08
SPT-S J042941-5737.0	0.0	2.23
SPT-S J043001-5701.4	4.96	0.92
SPT-S J043013-6251.6	1.47	1.68
SPT-S J043021-6132.0	17.98	58.23
SPT-S J043121-5749.8	0.0	7.25
SPT-S J043123-6021.2	0.93	5.61
SPT-S J043126-6406.3	6.95	24.29
SPT-S J043127-5619.2	2.28	2.63
SPT-S J043130-6218.4	1.52	12.17
SPT-S J043155-6207.3	0.0	3.03
SPT-S J043207-5926.3	1.02	4.37
SPT-S J043233-6315.8	2.54	13.86
SPT-S J043319-6310.4	0.82	0.0
SPT-S J043326-5517.5	1.09	9.57
SPT-S J043334-6030.2	54.08	155.72
SPT-S J043342-5909.8	5.08	0.0
SPT-S J043343-5726.3	1.9	2.38
SPT-S J043400-6048.5	0.35	5.08
SPT-S J043425-6337.7	1.0	6.06
SPT-S J043533-6257.1	0.0	4.53
SPT-S J043539-6258.5	1.12	4.96
SPT-S J043558-5838.0	3.32	8.05
SPT-S J043621-6056.6	4.7	12.84
SPT-S J043623-5633.3	5.44	20.76
SPT-S J043629-5951.5	0.65	1.47
SPT-S J043643-5538.1	1.87	3.23
SPT-S J043643-6204.4	79.18	39.32
SPT-S J043645-5840.4	6.88	25.4
SPT-S J043651-5841.1	3.09	6.01
SPT-S J043651-5931.6	4.63	15.5
SPT-S J043658-6254.3	0.88	4.62
SPT-S J043710-6458.7	1.85	7.94
SPT-S J043712-6329.3	1.42	5.08
SPT-S J043718-5822.7	2.23	6.84
SPT-S J043719-6157.0	2.89	5.94
SPT-S J043735-6227.4	2.61	0.66
SPT-S J043810-6034.9	1.13	4.04
SPT-S J043811-6035.8	0.0	5.3
SPT-S J043839-6503.4	6.7	19.35
SPT-S J043855-6412.3	4.02	0.88
SPT-S J044212-6255.0	4.8	0.91
SPT-S J044310-6236.6	0.0	0.0
SPT-S J044323-5903.6	3.52	12.69
SPT-S J044327-5903.4	4.84	3.18
SPT-S J044350-6000.1	2.12	2.98
SPT-S J044413-5924.7	0.79	3.99
SPT-S J044418-5925.1	0.0	4.84
SPT-S J044420-5728.4	5.39	2.17
SPT-S J044446-6428.5	1.87	1.64
SPT-S J044500-6014.9	2.16	11.46
SPT-S J044506-5711.0	1.8	2.49
SPT-S J044522-6451.4	0.2	0.0
SPT-S J044533-5914.8	4.85	3.58
SPT-S J044540-5914.7	27.33	10.63
SPT-S J044553-5914.6	6.48	4.76
SPT-S J044612-6452.6	2.48	3.52
SPT-S J044634-5738.4	0.41	4.79
SPT-S J044645-6207.4	3.62	12.42
SPT-S J044746-5940.4	2.37	10.29
SPT-S J044805-6205.1	0.32	2.3
SPT-S J044808-5637.6	13.22	43.26
SPT-S J044823-5947.8	6.19	2.95
SPT-S J044828-6157.5	4.51	0.0
SPT-S J044848-6216.6	3.38	5.55
SPT-S J044922-6106.4	19.46	66.72
SPT-S J044949-5800.0	4.5	0.41
SPT-S J044959-5819.0	3.41	11.93
SPT-S J045059-5650.1	1.46	0.19
SPT-S J045252-5944.6	6.84	3.07
SPT-S J045254-5853.7	0.77	7.81
SPT-S J045316-6042.7	2.65	8.41
SPT-S J045407-5642.4	1.55	0.91
SPT-S J045433-6019.5	1.36	3.35
SPT-S J045441-6247.7	0.48	2.45
SPT-S J045458-6449.5	2.33	4.93
SPT-S J045503-5531.2	9.27	24.47
SPT-S J045503-6450.1	2.89	14.02
SPT-S J045514-5538.0	3.65	9.37
SPT-S J045630-5452.3	0.92	2.82
SPT-S J045725-6221.6	1.23	4.05
SPT-S J045735-5941.1	0.64	3.84
SPT-S J045802-6355.5	5.41	1.65
SPT-S J045808-5815.7	1.22	5.57
SPT-S J045901-5805.1	5.45	0.0
SPT-S J045911-5942.1	5.95	0.0
SPT-S J045913-5942.4	7.05	
SPT-S J050000-5752.5	15.15	
SPT-S J050003-5229.0	2.15	
SPT-S J050019-5321.3	10.82	
SPT-S J050211-5040.7	1.15	
SPT-S J050321-5328.3	1.43	
SPT-S J050329-5735.6	16.43	
SPT-S J050334-5244.8	1.95	
SPT-S J050401-5023.2	12.5	
SPT-S J050424-5711.9	7.56	
SPT-S J050437-5818.1	0.81	
SPT-S J050508-5346.4	1.49	
SPT-S J050511-5346.0	5.39	
SPT-S J050523-5808.5	0.22	
SPT-S J050526-5044.8	4.81	
SPT-S J050528-5056.6	4.87	
SPT-S J050607-5844.8	2.54	
SPT-S J050617-5748.7	6.01	
SPT-S J050620-5741.0	3.25	
SPT-S J050624-5024.8	1.64	
SPT-S J050656-5943.2	5.22	
SPT-S J050658-5435.0	3.64	
SPT-S J050716-5954.8	1.1	
SPT-S J050725-5013.3	1.09	
SPT-S J050732-5104.2	7.39	
SPT-S J050747-5156.1	3.46	
SPT-S J050758-5850.5	14.92	
SPT-S J050831-5449.4	4.66	
SPT-S J050847-5754.3	4.56	
SPT-S J050907-5339.2	4.61	
SPT-S J051003-5651.9	3.97	
SPT-S J051018-5719.7	5.68	
SPT-S J051029-5624.8	1.28	
SPT-S J051030-5844.4	4.29	
SPT-S J051040-5558.3	4.59	
SPT-S J051116-5341.9	5.16	
SPT-S J051121-5920.0	3.89	
SPT-S J051135-5809.5	0.0	
SPT-S J051140-5846.7	0.09	
SPT-S J051217-5724.0	6.63	
SPT-S J051254-5413.3	0.58	
SPT-S J051259-5935.6	7.72	
SPT-S J051355-5055.7	8.25	
SPT-S J051358-5826.0	0.0	
SPT-S J051400-5046.2	0.52	
SPT-S J051404-5555.2	4.51	
SPT-S J051406-5124.6	1.51	
SPT-S J051418-5629.5	2.28	
SPT-S J051424-5744.8	1.92	
SPT-S J051433-5532.3	1.94	
SPT-S J051439-5329.0	1.74	
SPT-S J051456-5114.7	0.0	
SPT-S J051459-5130.0	1.04	
SPT-S J051506-5344.2	4.18	
SPT-S J051517-5500.2	0.26	
SPT-S J051535-5657.1	4.74	
SPT-S J051550-5546.5	2.18	
SPT-S J051614-5429.6	0.31	
SPT-S J051618-5417.8	0.37	
SPT-S J051639-5920.4	5.42	
SPT-S J051659-5736.9	4.6	
SPT-S J051744-5851.4	4.55	
SPT-S J051811-5144.1	7.92	
SPT-S J051825-5614.2	5.06	
SPT-S J051841-5006.1	2.24	
SPT-S J051909-5609.6	0.89	
SPT-S J051939-5044.8	1.37	
SPT-S J052039-5329.8	4.66	
SPT-S J052044-5508.4	6.54	
SPT-S J052124-5412.5	2.74	
SPT-S J052137-5456.7	3.65	
SPT-S J052206-5016.3	1.44	
SPT-S J052215-5607.4	1.5	
SPT-S J052309-5822.9	4.61	
SPT-S J052318-5308.5	1.25	
SPT-S J052400-5133.9	3.74	
SPT-S J052405-5602.2	3.29	
SPT-S J052440-5658.8	32.01	
SPT-S J052500-5135.2	2.21	
SPT-S J052558-5725.1	16.5	
SPT-S J052731-5546.0	4.51	
SPT-S J052743-5426.3	6.83	
SPT-S J052759-5232.2	4.65	
SPT-S J052832-5433.8	4.8	
SPT-S J052834-5820.3	6.63	
SPT-S J052841-5726.0	4.62	
SPT-S J052846-5919.9	5.47	
SPT-S J052850-5300.3	5.09	
SPT-S J052852-5457.6	2.41	
SPT-S J052903-5436.6	10.96	
SPT-S J052904-5538.8	0.0	
SPT-S J053058-5951.3	5.67	
SPT-S J053107-5543.5	2.02	
SPT-S J053117-5504.4	7.84	
SPT-S J053147-5414.4	0.79	
SPT-S J053205-5434.6	5.14	
SPT-S J053208-5310.5	14.79	
SPT-S J053244-5812.1	2.23	
SPT-S J053248-5721.6	1.97	
SPT-S J053250-5047.1	12.2	
SPT-S J053310-5453.3	4.12	
SPT-S J053312-5238.5	5.04	
SPT-S J053319-5022.0	1.47	
SPT-S J053324-5549.6	17.54	
SPT-S J053327-5050.8	1.35	
SPT-S J053345-5818.1	3.66	
SPT-S J053412-5924.3	3.96	
SPT-S J053426-5113.2	2.15	
SPT-S J053458-5439.0	7.12	
SPT-S J053527-5013.6	4.87	
SPT-S J053631-5258.8	4.72	
SPT-S J053644-5310.5	4.67	
SPT-S J053646-5714.1	3.92	
SPT-S J053726-5434.4	1.07	
SPT-S J053748-5718.4	5.32	
SPT-S J053816-5030.8	9.04	
SPT-S J053819-5227.7	3.68	
SPT-S J053823-5625.6	2.1	
SPT-S J053834-5911.0	3.59	
SPT-S J053849-5955.5	4.74	
SPT-S J053857-5712.2	1.67	
SPT-S J053909-5511.0	3.69	
SPT-S J053942-5612.8	29.04	
SPT-S J054020-5356.0	0.33	
SPT-S J054025-5303.7	6.57	
SPT-S J054030-5356.5	3.86	
SPT-S J054045-5418.3	78.29	
SPT-S J054120-5738.3	4.93	
SPT-S J054123-5752.8	4.78	
SPT-S J054135-5016.9	1.84	
SPT-S J054223-5142.9	20.28	
SPT-S J054254-5122.0	4.5	
SPT-S J054343-5813.3	3.02	
SPT-S J054357-5532.1	4.56	
SPT-S J054407-5444.2	4.83	
SPT-S J054431-5826.2	1.53	
SPT-S J054434-5402.9	4.57	
SPT-S J054510-5635.1	4.62	
SPT-S J054545-5138.0	0.1	
SPT-S J054554-5815.0	0.43	
SPT-S J054644-5858.3	5.41	
SPT-S J054716-5104.2	7.86	
SPT-S J054733-5335.6	4.96	
SPT-S J054804-5955.0	0.93	
SPT-S J054830-5218.5	8.19	
SPT-S J054846-5748.8	4.52	
SPT-S J054901-5752.4	1.61	
SPT-S J054903-5741.3	3.67	
SPT-S J054912-5026.6	2.51	
SPT-S J054941-5645.0	4.52	
SPT-S J054943-5246.4	51.06	
SPT-S J054951-5047.8	1.47	
SPT-S J054953-5358.4	4.24	
SPT-S J055002-5356.6	6.15	
SPT-S J055009-5732.3	173.64	
SPT-S J055046-5304.9	5.37	
SPT-S J055116-5334.4	6.87	
SPT-S J055117-5007.4	4.65	
SPT-S J055119-5545.5	1.26	
SPT-S J055133-5655.3	1.11	
SPT-S J055135-5902.7	8.73	
SPT-S J055138-5058.0	9.05	
SPT-S J055152-5526.5	9.33	
SPT-S J055201-5951.4	4.56	
SPT-S J055232-5349.4	2.78	
SPT-S J055233-5242.7	4.57	
SPT-S J055241-5238.5	4.51	
SPT-S J055302-5548.7	4.78	
SPT-S J055320-5007.3	4.76	
SPT-S J055331-5131.7	4.78	
SPT-S J055359-5051.8	1.44	
SPT-S J055421-5018.6	4.67	
SPT-S J055422-5304.2	4.83	
SPT-S J055455-5541.3	1.85	
SPT-S J055512-5044.9	1.85	
SPT-S J055528-5154.3	0.22	
SPT-S J055545-5605.1	0.87	
SPT-S J055555-5521.8	0.0	
SPT-S J055701-5902.6	1.61	
SPT-S J055732-5359.3	2.83	
SPT-S J055734-5801.0	2.04	
SPT-S J055811-5029.8	16.1	
SPT-S J055830-5326.4	1.35	
SPT-S J055833-5835.5	2.63	
SPT-S J055854-5333.8	3.91	
SPT-S J055909-5128.1	5.68	
SPT-S J055923-5900.6	4.26	
SPT-S J055947-5026.8	12.09	
SPT-S J200025-4656.4	2.92	7.41
SPT-S J200030-4520.8	0.81	5.19
SPT-S J200031-5235.9	0.0	0.56
SPT-S J200034-5131.4	5.29	1.32
SPT-S J200036-5130.9	1.85	1.34
SPT-S J200057-4704.6	1.87	0.72
SPT-S J200101-4844.0	0.41	3.75
SPT-S J200102-5707.6	1.03	2.22
SPT-S J200115-5716.0	4.02	10.24
SPT-S J200122-5542.6	0.0	5.52
SPT-S J200138-4543.7	0.84	3.05
SPT-S J200143-5922.6	2.65	2.29
SPT-S J200148-6314.9	2.22	5.04
SPT-S J200148-5307.0	0.63	3.13
SPT-S J200205-5736.6	1.5	3.79
SPT-S J200213-5837.5	1.98	3.38
SPT-S J200215-6203.0	1.15	0.15
SPT-S J200218-5902.9	2.81	11.06
SPT-S J200238-5820.4	2.04	5.29
SPT-S J200247-5605.2	4.55	0.34
SPT-S J200309-5700.5	4.63	0.0
SPT-S J200328-5458.9	6.59	3.21
SPT-S J200329-5458.8	7.94	2.55
SPT-S J200343-6300.2	7.7	44.45
SPT-S J200350-5611.7	0.0	0.0
SPT-S J200353-6239.5	0.19	1.19
SPT-S J200415-5503.9	1.54	4.09
SPT-S J200418-5543.5	26.95	42.61
SPT-S J200425-5846.7	0.0	4.58
SPT-S J200426-5847.5	0.0	2.38
SPT-S J200427-6347.2	22.97	85.1
SPT-S J200439-5155.8	3.45	3.87
SPT-S J200527-6451.2	2.83	7.27
SPT-S J200528-6403.9	2.8	0.28
SPT-S J200540-6349.0	2.15	0.77
SPT-S J200553-6125.6	4.61	0.0
SPT-S J200556-4920.1	4.54	0.63
SPT-S J200613-4513.9	0.64	5.25
SPT-S J200634-5011.5	13.23	46.08
SPT-S J200637-4509.1	0.94	4.62
SPT-S J200719-4822.1	5.35	6.27
SPT-S J200731-5308.5	3.84	9.68
SPT-S J200731-4504.2	4.56	0.0
SPT-S J200732-5117.7	0.71	7.65
SPT-S J200743-6007.9	1.64	2.93
SPT-S J200745-6007.1	0.97	4.63
SPT-S J200745-4800.0	1.17	3.9
SPT-S J200749-4759.8	1.39	4.72
SPT-S J200754-4750.8	3.8	13.93
SPT-S J200758-5847.8	3.04	1.49
SPT-S J200800-5848.4	4.91	1.52
SPT-S J200846-4717.1	6.23	30.61
SPT-S J200847-6109.6	5.15	13.83
SPT-S J200925-4849.7	90.94	244.32
SPT-S J200941-6123.5	0.9	0.85
SPT-S J200942-6412.7	1.56	2.44
SPT-S J200953-4822.6	9.28	20.09
SPT-S J201011-5845.8	4.58	0.0
SPT-S J201015-6159.1	2.0	0.94
SPT-S J201030-5447.5	2.53	1.72
SPT-S J201036-4724.2	2.55	5.31
SPT-S J201049-5251.5	0.67	0.0
SPT-S J201106-4527.5	0.0	6.8
SPT-S J201107-5257.0	2.36	2.45
SPT-S J201107-5516.9	0.97	3.6
SPT-S J201127-5644.0	4.01	10.29
SPT-S J201135-4916.7	5.46	14.41
SPT-S J201141-5235.2	3.8	13.18
SPT-S J201145-5956.1	6.93	3.7
SPT-S J201152-4600.6	2.09	3.02
SPT-S J201204-5515.1	4.54	0.75
SPT-S J201205-5514.4	2.5	1.34
SPT-S J201209-4721.2	10.23	32.17
SPT-S J201213-5232.8	1.37	3.57
SPT-S J201218-5345.5	0.0	3.03
SPT-S J201227-4538.4	1.48	4.75
SPT-S J201239-5453.3	6.59	22.4
SPT-S J201251-5806.8	0.65	5.04
SPT-S J201312-6004.0	2.91	0.0
SPT-S J201319-5218.1	6.81	19.45
SPT-S J201359-5702.1	0.0	7.03
SPT-S J201359-6342.6	3.66	17.94
SPT-S J201404-5831.7	0.54	6.88
SPT-S J201417-5658.2	5.13	11.05
SPT-S J201459-5603.6	3.55	0.49
SPT-S J201508-5243.2	5.19	1.16
SPT-S J201513-5520.4	0.39	4.63
SPT-S J201525-5545.5	0.05	4.51
SPT-S J201525-5553.4	0.74	4.9
SPT-S J201528-5545.9	0.01	2.71
SPT-S J201535-5928.0	0.0	4.81
SPT-S J201552-5819.0	3.74	4.99
SPT-S J201557-5244.3	2.3	6.91
SPT-S J201603-6400.8	2.92	6.4
SPT-S J201604-5604.4	1.75	4.88
SPT-S J201608-5752.5	3.76	14.73
SPT-S J201642-5913.3	0.0	2.45
SPT-S J201647-5306.8	5.0	0.53
SPT-S J201651-5814.8	2.07	4.51
SPT-S J201656-4924.1	6.49	22.62
SPT-S J201703-4607.8	1.13	5.9
SPT-S J201710-4516.8	1.61	10.79
SPT-S J201713-5247.9	5.55	0.19
SPT-S J201717-5454.7	2.52	1.85
SPT-S J201734-4540.1	4.57	0.0
SPT-S J201744-5138.7	1.19	3.16
SPT-S J201802-5539.5	1.36	3.74
SPT-S J201816-6023.0	0.56	1.54
SPT-S J201842-5659.0	1.71	4.58
SPT-S J201903-5201.6	7.39	31.95
SPT-S J201914-5836.9	0.0	3.64
SPT-S J201914-5837.5	0.79	4.85
SPT-S J201943-5326.8	4.56	11.9
SPT-S J201950-6128.1	2.68	8.06
SPT-S J201954-5029.0	1.37	4.75
SPT-S J202022-5318.7	0.96	5.37
SPT-S J202032-6203.4	5.11	1.68
SPT-S J202043-5910.4	2.88	3.54
SPT-S J202050-4814.2	5.63	3.52
SPT-S J202100-6124.7	10.59	36.29
SPT-S J202115-4610.7	2.54	5.71
SPT-S J202137-4616.9	1.67	0.2
SPT-S J202153-6122.8	1.77	6.33
SPT-S J202200-4728.7	1.95	1.14
SPT-S J202225-4513.5	38.13	91.65
SPT-S J202256-5355.1	4.94	0.62
SPT-S J202312-4612.9	0.0	1.48
SPT-S J202327-5812.3	3.75	28.47
SPT-S J202338-4826.8	7.98	24.14
SPT-S J202344-4619.6	2.56	5.53
SPT-S J202352-6440.2	1.67	6.9
SPT-S J202352-4606.9	1.48	5.44
SPT-S J202402-6349.3	1.33	1.85
SPT-S J202412-4543.9	2.14	9.73
SPT-S J202420-5723.6	3.86	21.19
SPT-S J202422-6159.0	1.46	3.46
SPT-S J202428-4516.9	0.0	0.0
SPT-S J202439-6414.1	1.55	6.8
SPT-S J202444-6458.6	21.9	66.29
SPT-S J202455-5606.7	0.86	6.61
SPT-S J202459-5203.6	4.89	0.22
SPT-S J202505-5404.9	1.63	5.96
SPT-S J202526-6115.6	1.18	5.05
SPT-S J202539-5003.7	1.47	2.0
SPT-S J202556-4854.2	1.89	10.21
SPT-S J202601-6414.2	2.44	8.44
SPT-S J202606-5806.0	0.36	4.93
SPT-S J202607-4820.1	0.46	10.06
SPT-S J202609-5332.4	0.0	4.83
SPT-S J202633-5356.2	4.9	1.18
SPT-S J202642-5200.4	3.07	7.49
SPT-S J202645-4639.3	0.89	4.57
SPT-S J202650-5021.5	1.63	2.59
SPT-S J202652-6250.6	1.12	11.38
SPT-S J202655-5931.4	0.07	0.0
SPT-S J202702-4750.5	1.94	5.04
SPT-S J202715-4555.5	1.39	7.88
SPT-S J202722-4916.6	2.93	6.52
SPT-S J202737-5641.7	6.35	19.15
SPT-S J202739-4837.1	4.68	0.08
SPT-S J202750-4726.3	26.27	88.28
SPT-S J202750-5930.4	3.74	3.12
SPT-S J202752-5930.9	9.22	3.11
SPT-S J202753-5928.3	4.93	1.94
SPT-S J202759-5226.2	14.3	48.16
SPT-S J202827-6031.0	1.02	5.25
SPT-S J202828-4734.5	1.19	3.5
SPT-S J202849-5920.3	5.59	0.26
SPT-S J202850-5921.1	9.9	0.26
SPT-S J202916-5147.7	1.1	4.8
SPT-S J202920-5127.3	1.38	6.03
SPT-S J202934-5339.1	12.21	34.94
SPT-S J202956-6346.7	1.72	0.77
SPT-S J203004-6105.3	1.3	5.49
SPT-S J203018-6027.5	2.82	4.86
SPT-S J203033-4802.7	1.35	4.38
SPT-S J203044-5534.7	2.34	4.38
SPT-S J203046-4728.5	4.85	3.09
SPT-S J203059-5736.7	3.34	9.63
SPT-S J203059-5112.6	5.61	0.0
SPT-S J203109-5236.4	1.38	0.0
SPT-S J203109-6006.4	1.49	1.71
SPT-S J203133-4507.5	3.94	9.46
SPT-S J203143-6038.5	4.51	1.47
SPT-S J203226-5817.9	35.1	101.94
SPT-S J203229-5152.9	4.74	9.85
SPT-S J203230-4717.9	0.59	8.39
SPT-S J203236-5749.6	1.78	6.27
SPT-S J203259-6149.1	0.26	1.69
SPT-S J203315-5244.2	0.0	4.64
SPT-S J203319-5315.7	8.19	23.88
SPT-S J203322-4535.3	0.4	2.46
SPT-S J203351-4522.2	1.3	4.79
SPT-S J203359-5654.2	0.46	3.57
SPT-S J203422-6232.2	1.34	4.55
SPT-S J203436-5105.6	0.0	4.22
SPT-S J203444-5741.7	0.91	6.66
SPT-S J203504-5236.3	1.53	5.99
SPT-S J203512-5412.9	4.76	18.45
SPT-S J203520-4952.1	3.08	0.33
SPT-S J203521-4904.7	4.53	0.0
SPT-S J203523-4958.0	7.09	30.14
SPT-S J203540-4503.0	1.13	10.04
SPT-S J203550-4821.0	0.0	4.71
SPT-S J203554-5458.8	2.38	6.01
SPT-S J203604-5321.1	1.83	7.51
SPT-S J203611-5641.8	0.72	2.73
SPT-S J203627-4542.1	4.1	10.92
SPT-S J203628-5036.8	1.11	2.94
SPT-S J203634-5737.5	2.56	3.53
SPT-S J203636-5737.1	2.48	4.66
SPT-S J203659-5605.5	1.82	3.78
SPT-S J203700-5431.6	1.39	4.56
SPT-S J203730-6513.3	12.2	7.22
SPT-S J203751-5051.1	4.66	0.5
SPT-S J203804-5139.1	1.35	2.71
SPT-S J203820-5206.6	5.82	0.15
SPT-S J203821-4803.1	0.24	5.56
SPT-S J203835-4646.1	0.54	4.68
SPT-S J203845-5208.8	6.0	2.59
SPT-S J203848-5247.8	2.08	7.65
SPT-S J203906-5236.2	2.43	8.58
SPT-S J203913-5407.5	0.91	1.76
SPT-S J203920-5404.1	4.6	0.39
SPT-S J203926-4820.4	0.0	0.0
SPT-S J203945-5821.4	3.86	9.46
SPT-S J203947-6111.5	2.42	4.95
SPT-S J203948-5001.1	14.82	38.37
SPT-S J203948-4606.0	8.3	26.14
SPT-S J203958-5515.6	0.78	4.97
SPT-S J204000-5735.0	21.29	76.2
SPT-S J204001-6119.7	0.0	3.77
SPT-S J204002-6120.2	0.0	4.86
SPT-S J204003-6433.0	0.89	3.98
SPT-S J204010-4745.3	3.56	5.73
SPT-S J204043-6148.9	1.63	2.3
SPT-S J204101-5451.4	5.93	8.15
SPT-S J204111-5257.5	1.62	5.48
SPT-S J204112-6139.8	2.9	11.97
SPT-S J204113-5210.7	2.29	12.37
SPT-S J204120-6214.2	4.46	10.46
SPT-S J204148-4820.9	0.59	3.17
SPT-S J204218-4759.7	0.08	4.56
SPT-S J204242-5346.4	4.73	0.0
SPT-S J204307-5449.8	2.64	3.98
SPT-S J204314-6256.0	11.1	42.06
SPT-S J204315-5104.2	2.93	5.8
SPT-S J204324-5612.0	5.12	0.19
SPT-S J204324-6334.4	0.89	4.92
SPT-S J204325-6234.5	1.96	3.54
SPT-S J204325-6234.0	1.23	4.65
SPT-S J204329-5321.4	6.63	1.0
SPT-S J204408-4712.9	3.7	6.67
SPT-S J204440-4559.1	4.81	0.73
SPT-S J204440-4558.6	3.26	0.54
SPT-S J204440-4744.0	5.04	0.13
SPT-S J204443-5533.3	4.51	0.0
SPT-S J204452-6148.0	1.97	3.94
SPT-S J204452-6147.5	0.82	4.79
SPT-S J204456-5456.0	3.68	17.53
SPT-S J204505-5320.9	1.75	8.48
SPT-S J204521-6300.4	0.95	14.21
SPT-S J204524-5352.0	0.0	5.63
SPT-S J204540-5526.1	11.84	35.85
SPT-S J204542-6238.2	4.54	1.52
SPT-S J204544-6132.9	6.52	19.57
SPT-S J204552-5106.4	5.99	17.59
SPT-S J204605-5223.4	0.66	3.8
SPT-S J204606-5727.9	0.73	6.64
SPT-S J204636-5948.8	0.0	4.73
SPT-S J204713-4558.4	1.53	6.21
SPT-S J204731-4801.6	1.92	5.81
SPT-S J204812-6312.2	2.08	5.88
SPT-S J204820-6209.3	0.17	4.5
SPT-S J204824-5520.6	5.18	0.0
SPT-S J204825-5241.8	6.4	13.48
SPT-S J204827-5926.2	0.7	3.56
SPT-S J204829-5842.2	3.22	16.13
SPT-S J204846-6350.1	2.59	0.0
SPT-S J204856-5529.7	1.14	4.49
SPT-S J204858-4543.4	9.32	19.98
SPT-S J204930-4628.1	3.51	9.94
SPT-S J204934-6409.4	1.48	5.28
SPT-S J205012-4927.3	5.55	20.89
SPT-S J205036-5832.7	2.27	4.07
SPT-S J205037-4543.1	1.62	5.4
SPT-S J205048-6007.7	2.89	5.3
SPT-S J205112-4526.1	10.97	25.52
SPT-S J205139-5704.5	1.99	6.97
SPT-S J205141-6211.0	5.56	0.07
SPT-S J205141-4857.0	1.89	4.02
SPT-S J205202-5704.1	6.86	18.51
SPT-S J205209-5247.5	2.8	8.58
SPT-S J205210-4846.9	7.82	2.5
SPT-S J205213-5533.1	5.48	24.02
SPT-S J205215-5830.5	1.14	6.04
SPT-S J205226-6500.5	0.72	4.52
SPT-S J205304-6255.8	13.5	48.65
SPT-S J205305-6453.6	1.44	6.59
SPT-S J205317-5155.2	5.01	0.81
SPT-S J205402-5448.5	4.75	0.0
SPT-S J205404-5301.1	4.53	0.46
SPT-S J205449-5439.4	4.53	24.69
SPT-S J205500-4729.7	4.65	6.67
SPT-S J205519-6511.2	2.64	3.41
SPT-S J205526-5504.7	2.66	3.72
SPT-S J205553-5707.3	4.58	2.6
SPT-S J205559-4712.7	6.77	0.98
SPT-S J205600-6013.1	0.41	1.86
SPT-S J205607-4712.8	5.54	0.0
SPT-S J205614-4904.2	4.17	7.51
SPT-S J205616-4714.6	262.7	724.08
SPT-S J205623-4711.9	0.0	6.3
SPT-S J205624-5917.4	2.73	6.49
SPT-S J205630-5820.1	4.78	67.22
SPT-S J205636-5309.7	3.93	2.52
SPT-S J205714-4901.3	3.37	19.0
SPT-S J205733-5323.5	1.82	7.28
SPT-S J205737-5700.4	7.76	26.5
SPT-S J205752-6329.8	0.55	4.78
SPT-S J205755-5152.1	6.4	1.16
SPT-S J205806-5431.2	0.63	1.24
SPT-S J205810-4837.8	3.38	6.77
SPT-S J205817-6348.1	2.87	3.81
SPT-S J205831-4902.9	3.33	3.04
SPT-S J205837-5756.6	6.31	25.19
SPT-S J205851-6415.9	2.07	2.13
SPT-S J205853-5130.4	0.51	0.64
SPT-S J205910-4910.8	3.31	7.28
SPT-S J205923-6246.6	4.72	0.99
SPT-S J205929-6449.7	0.27	6.42
SPT-S J205941-5838.4	0.51	7.24
SPT-S J210039-5736.1	4.66	0.0
SPT-S J210048-6235.9	0.63	3.46
SPT-S J210056-4652.9	1.19	6.19
SPT-S J210111-6150.1	0.62	5.08
SPT-S J210114-6048.9	5.0	0.98
SPT-S J210123-4549.8	0.96	6.56
SPT-S J210126-4713.8	1.71	11.66
SPT-S J210138-6239.6	0.97	10.36
SPT-S J210202-4632.6	1.21	3.42
SPT-S J210206-5447.4	4.81	0.0
SPT-S J210233-6107.5	1.85	3.55
SPT-S J210252-5522.9	1.56	0.72
SPT-S J210312-5812.2	0.41	6.4
SPT-S J210322-6055.2	2.09	0.97
SPT-S J210328-4807.4	4.74	1.45
SPT-S J210329-6032.6	6.77	0.1
SPT-S J210337-6232.4	18.95	52.63
SPT-S J210338-4949.5	7.58	21.68
SPT-S J210345-4901.9	1.61	4.62
SPT-S J210407-5156.9	5.71	20.41
SPT-S J210415-4547.5	1.91	8.73
SPT-S J210500-4848.7	30.43	123.93
SPT-S J210501-5221.3	1.13	4.31
SPT-S J210502-5346.1	1.35	0.0
SPT-S J210509-4746.7	2.17	4.51
SPT-S J210524-5145.8	5.39	16.18
SPT-S J210539-5413.3	2.42	9.83
SPT-S J210543-5929.4	0.36	2.08
SPT-S J210550-4620.4	2.56	9.17
SPT-S J210550-5057.1	1.91	4.62
SPT-S J210605-6405.7	1.94	6.96
SPT-S J210611-6303.9	0.0	5.11
SPT-S J210615-5802.9	5.46	14.72
SPT-S J210624-5741.8	0.16	0.0
SPT-S J210626-5032.2	0.28	4.58
SPT-S J210636-6342.8	3.96	11.42
SPT-S J210647-4711.4	0.42	3.59
SPT-S J210654-5735.6	0.05	3.95
SPT-S J210659-5559.0	5.26	20.74
SPT-S J210703-5012.1	1.9	5.03
SPT-S J210739-5132.1	1.55	4.2
SPT-S J210744-4828.1	5.77	14.48
SPT-S J210757-6216.1	6.56	20.25
SPT-S J210835-5045.9	1.23	6.94
SPT-S J210840-6440.5	3.33	7.88
SPT-S J210850-4846.3	7.83	29.96
SPT-S J210911-5808.4	0.0	1.69
SPT-S J210914-6317.6	5.44	2.39
SPT-S J210938-5035.7	1.77	0.0
SPT-S J210947-5206.6	2.24	6.69
SPT-S J210958-4802.1	1.63	12.82
SPT-S J211000-5142.1	0.0	2.16
SPT-S J211010-5919.6	0.79	8.98
SPT-S J211023-5531.6	4.79	0.0
SPT-S J211035-6325.2	1.42	9.08
SPT-S J211106-5327.6	2.9	0.02
SPT-S J211111-5508.0	5.1	17.5
SPT-S J211115-6440.7	5.44	1.52
SPT-S J211211-5018.0	4.56	1.23
SPT-S J211211-5716.6	2.36	0.0
SPT-S J211253-5309.4	0.54	0.79
SPT-S J211256-4817.6	8.62	19.23
SPT-S J211300-5502.8	0.29	3.43
SPT-S J211301-5502.3	0.4	4.72
SPT-S J211302-5505.0	4.53	0.25
SPT-S J211303-5503.1	0.44	4.56
SPT-S J211315-5825.5	1.72	0.0
SPT-S J211327-6135.7	4.67	12.85
SPT-S J211347-5917.9	7.38	30.88
SPT-S J211401-5449.1	1.26	5.02
SPT-S J211447-6157.2	2.69	10.76
SPT-S J211452-4457.1	3.66	3.46
SPT-S J211458-4841.0	0.0	3.51
SPT-S J211508-4713.2	5.96	2.4
SPT-S J211545-4938.9	1.23	3.45
SPT-S J211622-5238.0	0.39	5.03
SPT-S J211629-5527.3	3.82	31.97
SPT-S J211639-5157.6	0.24	1.27
SPT-S J211701-5306.8	0.84	5.69
SPT-S J211709-6120.4	0.78	2.7
SPT-S J211710-5824.0	7.7	22.55
SPT-S J211712-5045.4	2.11	3.39
SPT-S J211724-5505.3	0.1	5.61
SPT-S J211733-6256.1	3.07	2.11
SPT-S J211741-5852.1	4.16	0.89
SPT-S J211759-5416.9	0.26	1.83
SPT-S J211819-6345.4	3.44	2.82
SPT-S J211831-5905.4	0.91	4.51
SPT-S J211851-5738.8	2.42	0.4
SPT-S J211854-5144.4	1.47	6.97
SPT-S J211857-5948.8	2.37	1.71
SPT-S J211900-4833.7	2.83	2.05
SPT-S J211908-4756.5	4.84	1.02
SPT-S J211908-6110.9	1.8	6.78
SPT-S J211909-6231.1	1.77	0.0
SPT-S J211917-4510.6	2.13	2.71
SPT-S J211937-5827.2	5.26	0.31
SPT-S J211937-4545.1	14.44	42.06
SPT-S J211950-5525.2	2.1	5.79
SPT-S J211953-6436.4	2.22	14.51
SPT-S J211953-5829.0	0.0	4.53
SPT-S J212000-5608.8	3.11	2.65
SPT-S J212003-6201.8	3.42	10.39
SPT-S J212012-6341.2	0.88	4.58
SPT-S J212025-4546.9	0.0	5.23
SPT-S J212026-5103.0	1.57	8.79
SPT-S J212034-5932.6	4.71	0.65
SPT-S J212054-6322.5	1.06	5.19
SPT-S J212054-5655.7	1.88	3.16
SPT-S J212102-6111.3	36.77	125.77
SPT-S J212114-6116.2	1.66	3.07
SPT-S J212128-5337.0	0.54	5.01
SPT-S J212129-5523.0	0.71	0.75
SPT-S J212156-6404.5	3.42	13.94
SPT-S J212157-4821.2	4.56	1.59
SPT-S J212200-5719.8	1.2	4.82
SPT-S J212222-5600.1	9.25	24.87
SPT-S J212224-5700.4	5.07	0.0
SPT-S J212225-4940.1	4.09	13.5
SPT-S J212243-5643.8	0.41	6.18
SPT-S J212307-4918.3	3.25	1.73
SPT-S J212314-4546.4	7.94	1.07
SPT-S J212324-5615.3	0.63	2.16
SPT-S J212347-4713.2	4.43	14.21
SPT-S J212400-5247.3	5.76	24.0
SPT-S J212402-6027.9	1.96	12.4
SPT-S J212403-6213.0	0.6	4.63
SPT-S J212408-5740.9	0.32	5.03
SPT-S J212414-5558.6	0.42	5.02
SPT-S J212428-4948.1	18.12	64.83
SPT-S J212431-5618.5	2.6	6.88
SPT-S J212449-5152.7	1.1	7.53
SPT-S J212530-5419.1	3.18	0.0
SPT-S J212530-4649.9	1.37	0.73
SPT-S J212554-6326.6	0.92	4.65
SPT-S J212555-4716.6	1.28	2.12
SPT-S J212604-5413.1	0.16	5.42
SPT-S J212615-5521.1	1.04	11.6
SPT-S J212627-5349.0	2.22	7.49
SPT-S J212630-5611.1	2.21	3.96
SPT-S J212630-4605.7	90.79	332.97
SPT-S J212634-5206.0	1.14	2.53
SPT-S J212642-5252.3	1.35	3.26
SPT-S J212642-5902.0	3.34	13.22
SPT-S J212720-6000.8	9.07	1.98
SPT-S J212728-6001.2	3.31	2.4
SPT-S J212730-5518.4	0.0	5.86
SPT-S J212745-5745.3	7.79	20.55
SPT-S J212748-4725.6	2.89	10.99
SPT-S J212752-5522.2	2.33	3.53
SPT-S J212756-5942.0	5.4	17.54
SPT-S J212841-4507.3	1.18	2.32
SPT-S J212907-6321.7	0.48	6.25
SPT-S J212912-4558.4	2.21	9.54
SPT-S J212913-5702.1	5.78	1.08
SPT-S J212919-5053.0	0.56	1.56
SPT-S J212927-5349.7	0.0	2.19
SPT-S J212929-4800.1	5.46	17.14
SPT-S J212954-5640.3	5.0	0.0
SPT-S J212959-5413.6	1.41	8.4
SPT-S J213010-4820.3	2.09	8.12
SPT-S J213024-5915.5	0.0	4.55
SPT-S J213035-4903.9	0.66	5.69
SPT-S J213052-4515.7	3.3	18.7
SPT-S J213107-5522.7	2.29	0.31
SPT-S J213115-5859.7	4.95	13.23
SPT-S J213125-5201.8	2.09	3.99
SPT-S J213125-5248.3	0.98	4.9
SPT-S J213144-6415.3	2.73	7.57
SPT-S J213206-4503.4	0.47	4.03
SPT-S J213207-5420.5	18.82	62.57
SPT-S J213228-4537.6	2.55	7.44
SPT-S J213244-5802.9	6.85	3.75
SPT-S J213305-4830.2	0.51	6.72
SPT-S J213314-6229.4	1.37	7.07
SPT-S J213316-4618.1	0.27	2.83
SPT-S J213345-6201.3	2.29	7.86
SPT-S J213346-6132.2	1.4	2.76
SPT-S J213404-5857.2	1.9	2.5
SPT-S J213404-5013.3	5.46	0.15
SPT-S J213406-5334.3	5.33	9.28
SPT-S J213418-5338.0	2.97	6.63
SPT-S J213448-5004.7	4.52	0.0
SPT-S J213509-5639.5	2.09	0.44
SPT-S J213519-5006.8	18.41	66.0
SPT-S J213522-6038.6	1.57	7.42
SPT-S J213534-6245.4	2.2	4.57
SPT-S J213540-5344.1	2.92	6.65
SPT-S J213543-4737.8	0.02	3.76
SPT-S J213544-6355.1	3.15	2.76
SPT-S J213544-6354.2	13.76	5.43
SPT-S J213545-5802.6	0.0	3.42
SPT-S J213556-4504.6	0.0	4.67
SPT-S J213601-5021.4	1.03	5.61
SPT-S J213604-4955.4	6.41	18.2
SPT-S J213609-6040.7	0.36	8.41
SPT-S J213616-5018.1	1.45	11.54
SPT-S J213621-6335.8	15.88	68.39
SPT-S J213629-5433.4	16.54	6.21
SPT-S J213635-4527.2	2.94	0.0
SPT-S J213655-4507.9	0.82	1.22
SPT-S J213659-6119.7	6.86	15.7
SPT-S J213711-5123.7	1.27	6.58
SPT-S J213716-4919.5	4.53	1.4
SPT-S J213801-4646.5	5.04	23.11
SPT-S J213826-5607.7	3.12	1.01
SPT-S J213826-4931.0	3.26	11.19
SPT-S J213835-5012.5	3.37	0.0
SPT-S J213852-6238.1	0.34	6.07
SPT-S J213856-4931.3	2.45	5.13
SPT-S J213900-4731.2	2.23	9.95
SPT-S J213915-4513.1	0.0	5.49
SPT-S J213925-4909.3	2.75	5.88
SPT-S J213930-5123.5	0.4	4.22
SPT-S J213947-5830.1	0.0	0.38
SPT-S J213956-6053.4	4.54	0.0
SPT-S J214043-5108.4	1.55	5.4
SPT-S J214047-5455.8	1.04	5.16
SPT-S J214050-5455.9	2.04	6.16
SPT-S J214054-6058.9	1.36	4.64
SPT-S J214054-5323.3	2.08	3.95
SPT-S J214100-6129.7	5.21	12.67
SPT-S J214101-5244.4	1.53	0.49
SPT-S J214117-5551.5	6.01	22.95
SPT-S J214119-6354.5	5.34	3.23
SPT-S J214122-5504.5	7.71	30.95
SPT-S J214129-4819.7	1.69	2.75
SPT-S J214144-5636.7	0.88	4.9
SPT-S J214145-6411.1	35.14	105.22
SPT-S J214145-4954.0	4.57	0.0
SPT-S J214228-5508.4	0.0	0.0
SPT-S J214247-5212.8	3.08	0.14
SPT-S J214252-5639.3	4.93	0.0
SPT-S J214302-6231.8	6.37	16.88
SPT-S J214310-6417.8	2.24	6.5
SPT-S J214347-5518.5	4.63	1.65
SPT-S J214410-6304.2	1.3	1.3
SPT-S J214421-6017.8	2.0	0.0
SPT-S J214432-5845.4	1.05	5.0
SPT-S J214440-6452.5	0.0	3.4
SPT-S J214458-5150.2	1.31	7.98
SPT-S J214510-4716.1	0.58	7.48
SPT-S J214542-6431.0	4.64	0.28
SPT-S J214606-4910.7	1.0	1.0
SPT-S J214616-4630.9	4.71	0.81
SPT-S J214620-5509.3	4.16	7.6
SPT-S J214630-5646.6	0.0	3.22
SPT-S J214639-5627.1	1.47	6.67
SPT-S J214644-5616.9	4.35	2.62
SPT-S J214653-5507.9	5.29	0.0
SPT-S J214655-5507.9	4.94	0.0
SPT-S J214659-4853.5	1.9	3.68
SPT-S J214715-5920.8	0.0	4.8
SPT-S J214719-5523.2	0.0	5.46
SPT-S J214721-5036.0	4.87	0.0
SPT-S J214732-5955.6	0.46	4.04
SPT-S J214741-4901.7	0.77	0.0
SPT-S J214744-5526.4	10.84	31.53
SPT-S J214747-5326.7	0.28	2.26
SPT-S J214752-4915.8	0.43	4.93
SPT-S J214758-5141.2	1.87	3.61
SPT-S J214803-5328.9	3.37	4.07
SPT-S J214805-5034.0	2.33	0.88
SPT-S J214806-4506.4	4.51	0.0
SPT-S J214824-5713.8	7.76	14.71
SPT-S J214829-5520.3	2.71	5.84
SPT-S J214830-5457.6	4.96	1.77
SPT-S J214840-5504.2	0.0	6.44
SPT-S J214841-5504.4	0.0	5.99
SPT-S J214846-5351.3	1.71	6.03
SPT-S J214913-6042.6	5.54	2.13
SPT-S J214914-6419.3	2.48	7.61
SPT-S J214915-5103.6	1.38	2.75
SPT-S J214918-6036.6	6.73	2.73
SPT-S J214926-6429.1	2.35	13.66
SPT-S J214946-6504.5	3.48	15.64
SPT-S J214958-4827.7	4.61	0.0
SPT-S J215004-6121.1	2.27	3.29
SPT-S J215007-4530.5	1.79	4.74
SPT-S J215009-6238.8	5.0	0.44
SPT-S J215011-5026.9	1.36	3.47
SPT-S J215012-5026.4	0.0	4.56
SPT-S J215019-6314.2	1.0	5.35
SPT-S J215026-5530.3	1.02	3.57
SPT-S J215028-6210.3	2.3	3.85
SPT-S J215100-6409.0	18.75	55.04
SPT-S J215103-5741.2	0.65	6.72
SPT-S J215106-4616.5	1.53	3.17
SPT-S J215129-5520.2	6.08	18.72
SPT-S J215143-5640.4	1.31	4.76
SPT-S J215155-5316.8	7.08	22.74
SPT-S J215215-5534.1	5.64	1.57
SPT-S J215252-4855.9	3.24	6.63
SPT-S J215254-6400.2	0.71	4.25
SPT-S J215257-5846.3	0.78	5.42
SPT-S J215317-4940.0	0.74	2.23
SPT-S J215326-5204.4	2.28	4.89
SPT-S J215352-5728.8	0.97	5.07
SPT-S J215404-6439.4	0.0	5.69
SPT-S J215408-5150.4	2.72	17.58
SPT-S J215422-4552.5	5.69	16.86
SPT-S J215428-5947.2	0.76	6.31
SPT-S J215445-5725.6	2.6	12.08
SPT-S J215448-5246.1	0.0	6.24
SPT-S J215449-5458.4	3.84	7.81
SPT-S J215452-5930.8	2.14	6.71
SPT-S J215453-4716.7	1.68	5.65
SPT-S J215457-5144.0	1.77	4.86
SPT-S J215500-5930.4	2.31	11.82
SPT-S J215503-5039.5	6.34	0.0
SPT-S J215509-6250.5	3.86	8.83
SPT-S J215543-5400.4	7.1	18.38
SPT-S J215551-4828.4	1.37	6.84
SPT-S J215555-5328.3	2.87	10.49
SPT-S J215608-5017.7	0.13	6.21
SPT-S J215610-5740.3	5.11	8.27
SPT-S J215610-4629.4	1.45	5.7
SPT-S J215620-6158.8	0.48	0.81
SPT-S J215644-5507.6	0.04	1.03
SPT-S J215648-6331.0	8.84	34.45
SPT-S J215656-4815.7	0.79	4.83
SPT-S J215704-4640.4	3.65	10.64
SPT-S J215742-5516.6	0.0	1.02
SPT-S J215745-4604.0	1.18	8.57
SPT-S J215749-6402.7	2.94	15.9
SPT-S J215752-6002.2	0.0	2.15
SPT-S J215839-4719.3	3.18	14.37
SPT-S J215841-5906.2	0.37	5.82
SPT-S J215858-5115.8	2.09	7.67
SPT-S J215900-4748.9	2.25	3.48
SPT-S J215918-4601.6	1.91	7.25
SPT-S J215923-4854.1	4.67	0.0
SPT-S J215926-5009.5	4.65	0.0
SPT-S J215950-4503.4	5.81	13.51
SPT-S J215955-4606.2	1.07	9.18
SPT-S J215958-4751.9	9.24	25.05
SPT-S J220016-4629.3	0.0	1.44
SPT-S J225347-5846.2	4.72	
SPT-S J225359-5812.8	1.97	
SPT-S J225423-5148.6	9.36	
SPT-S J225457-5926.0	20.36	
SPT-S J225549-5245.7	7.28	
SPT-S J225601-5510.1	0.01	
SPT-S J225611-5133.3	3.2	
SPT-S J225614-5130.6	0.28	
SPT-S J225647-5158.6	4.25	
SPT-S J225746-5846.5	0.51	
SPT-S J225818-5525.7	4.01	
SPT-S J225852-5220.8	9.48	
SPT-S J225859-5919.9	1.62	
SPT-S J225904-5557.7	2.13	
SPT-S J225943-5406.1	4.69	
SPT-S J225959-5103.4	5.91	
SPT-S J230057-5254.0	5.03	
SPT-S J230059-5236.8	1.33	
SPT-S J230121-5144.8	0.89	
SPT-S J230136-5913.3	23.9	
SPT-S J230139-5602.5	2.78	
SPT-S J230159-5343.6	3.18	
SPT-S J230228-5755.3	0.82	
SPT-S J230257-5822.4	3.49	
SPT-S J230259-5031.8	1.17	
SPT-S J230331-5126.7	0.46	
SPT-S J230351-5406.7	19.13	
SPT-S J230435-5039.4	1.43	
SPT-S J230441-5347.6	2.01	
SPT-S J230610-5344.5	3.02	
SPT-S J230619-5835.3	4.8	
SPT-S J230741-5250.6	6.45	
SPT-S J230801-5628.2	0.0	
SPT-S J230804-5218.9	2.61	
SPT-S J230835-5846.6	4.69	
SPT-S J230902-5050.9	25.99	
SPT-S J230918-5757.8	2.09	
SPT-S J230940-5703.3	0.4	
SPT-S J230948-5822.2	5.0	
SPT-S J230955-5942.3	4.58	
SPT-S J231026-5004.8	1.65	
SPT-S J231028-5941.2	2.12	
SPT-S J231109-5624.8	2.44	
SPT-S J231117-5457.7	3.2	
SPT-S J231125-5450.5	6.21	
SPT-S J231202-5652.4	3.0	
SPT-S J231233-5639.4	2.36	
SPT-S J231251-5335.8	2.48	
SPT-S J231254-5717.6	0.6	
SPT-S J231307-5504.0	1.37	
SPT-S J231326-5343.5	4.46	
SPT-S J231331-5050.5	2.36	
SPT-S J231334-5200.0	4.56	
SPT-S J231349-5301.6	2.69	
SPT-S J231403-5443.4	0.79	
SPT-S J231408-5026.5	3.14	
SPT-S J231411-5617.4	5.05	
SPT-S J231416-5453.5	4.02	
SPT-S J231420-5902.2	0.0	
SPT-S J231422-5327.2	0.0	
SPT-S J231505-5959.0	4.57	
SPT-S J231513-5500.8	1.05	
SPT-S J231529-5938.8	1.85	
SPT-S J231532-5058.9	0.0	
SPT-S J231543-5039.4	2.13	
SPT-S J231544-5018.6	93.73	
SPT-S J231548-5903.2	3.65	
SPT-S J231610-5330.0	0.36	
SPT-S J231623-5429.7	1.21	
SPT-S J231653-5507.9	2.8	
SPT-S J231655-5559.6	0.42	
SPT-S J231657-5036.7	4.99	
SPT-S J231702-5210.1	1.42	
SPT-S J231705-5903.8	1.31	
SPT-S J231722-5833.3	5.18	
SPT-S J231729-5257.3	1.0	
SPT-S J231915-5331.9	7.17	
SPT-S J231922-5557.9	5.93	
SPT-S J232021-5757.9	4.75	
SPT-S J232025-5257.4	4.59	
SPT-S J232029-5326.2	0.97	
SPT-S J232031-5337.2	2.6	
SPT-S J232041-5239.4	4.62	
SPT-S J232048-5309.7	15.57	
SPT-S J232100-5402.6	8.62	
SPT-S J232105-5027.2	2.58	
SPT-S J232128-5833.5	3.12	
SPT-S J232143-5620.4	1.54	
SPT-S J232156-5125.9	1.05	
SPT-S J232206-5445.5	3.98	
SPT-S J232232-5551.9	2.45	
SPT-S J232252-5322.0	8.38	
SPT-S J232303-5221.7	1.59	
SPT-S J232338-5446.5	4.88	
SPT-S J232341-5450.1	0.92	
SPT-S J232349-5744.7	4.51	
SPT-S J232420-5013.0	2.25	
SPT-S J232421-5525.7	0.55	
SPT-S J232511-5656.5	4.07	
SPT-S J232521-5747.4	5.49	
SPT-S J232621-5655.7	1.19	
SPT-S J232637-5516.7	4.9	
SPT-S J232735-5709.8	7.45	
SPT-S J232744-5225.5	4.15	
SPT-S J232753-5031.8	0.39	
SPT-S J232805-5630.1	4.9	
SPT-S J232806-5358.4	4.58	
SPT-S J232819-5410.6	0.35	
SPT-S J232822-5003.0	1.26	
SPT-S J232917-5624.4	2.03	
SPT-S J232919-5339.0	2.66	
SPT-S J232920-4955.6	122.79	
SPT-S J233002-5109.2	1.89	
SPT-S J233016-5207.8	2.35	
SPT-S J233043-5047.4	2.68	
SPT-S J233117-5211.8	0.67	
SPT-S J233226-5857.3	4.86	
SPT-S J233227-5358.6	10.65	
SPT-S J233251-5825.4	7.59	
SPT-S J233302-5141.9	5.24	
SPT-S J233306-5416.1	3.07	
SPT-S J233316-5405.6	14.06	
SPT-S J233438-5441.4	3.01	
SPT-S J233444-5251.3	63.44	
SPT-S J233513-5324.0	4.5	
SPT-S J233549-5605.7	4.7	
SPT-S J233553-5700.7	4.74	
SPT-S J233558-5310.6	2.66	
SPT-S J233612-5236.3	61.69	
SPT-S J233621-5558.7	4.94	
SPT-S J233649-5219.9	1.22	
SPT-S J233710-5801.6	1.78	
SPT-S J233721-5033.3	2.13	
SPT-S J233723-5216.3	8.76	
SPT-S J233726-5901.2	26.04	
SPT-S J233757-5758.9	4.56	
SPT-S J233817-5419.5	3.2	
SPT-S J233834-5800.3	4.89	
SPT-S J233837-5458.8	1.96	
SPT-S J233846-5401.5	5.24	
SPT-S J233855-5415.2	0.0	
SPT-S J233914-5523.7	2.1	
SPT-S J233935-5426.1	1.46	
SPT-S J233939-5505.4	4.85	
SPT-S J233950-5354.5	0.63	
SPT-S J233955-5041.1	1.8	
SPT-S J233957-5937.3	2.12	
SPT-S J234009-5943.1	5.39	
SPT-S J234047-5919.4	0.0	
SPT-S J234047-5311.4	0.0	
SPT-S J234118-5816.1	2.48	
SPT-S J234119-5406.0	1.72	
SPT-S J234119-5928.0	0.0	
SPT-S J234122-5256.4	4.6	
SPT-S J234126-5117.4	1.08	
SPT-S J234131-5801.2	5.07	
SPT-S J234131-5935.7	0.86	
SPT-S J234159-5642.9	4.53	
SPT-S J234159-5943.0	4.92	
SPT-S J234217-5429.3	0.0	
SPT-S J234224-5647.5	2.91	
SPT-S J234226-5647.0	5.2	
SPT-S J234228-5411.8	1.59	
SPT-S J234256-5726.6	4.59	
SPT-S J234315-5558.6	5.17	
SPT-S J234317-5709.6	10.55	
SPT-S J234324-5824.3	3.18	
SPT-S J234327-5626.4	21.92	
SPT-S J234335-5823.3	0.0	
SPT-S J234347-5114.8	0.0	
SPT-S J234410-5135.8	4.61	
SPT-S J234432-5039.9	2.99	
SPT-S J234451-5904.9	4.79	
SPT-S J234453-5903.7	3.5	
SPT-S J234500-5416.2	4.93	
SPT-S J234505-5429.0	4.67	
SPT-S J234524-5730.9	1.13	
SPT-S J234527-5953.6	14.11	
SPT-S J234531-5246.8	0.62	
SPT-S J234612-5551.8	4.39	
SPT-S J234632-5828.5	3.4	
SPT-S J234642-5733.1	4.53	
SPT-S J234707-5718.2	2.94	
SPT-S J234714-5650.9	5.29	
SPT-S J234719-5110.5	23.47	
SPT-S J234738-5720.6	2.72	
SPT-S J234752-5915.7	7.96	
SPT-S J234844-5847.2	6.17	
SPT-S J234847-5321.1	1.74	
SPT-S J234853-5103.1	6.5	
SPT-S J234915-5435.5	0.0	
SPT-S J234928-5246.9	5.05	
SPT-S J234942-5637.8	3.45	
SPT-S J234944-5638.3	6.25	
SPT-S J235149-5722.2	5.29	
SPT-S J235201-5829.0	6.0	
SPT-S J235242-5927.8	1.63	
SPT-S J235302-5530.0	3.78	
SPT-S J235311-5448.0	1.16	
SPT-S J235312-5311.6	1.59	
SPT-S J235322-5857.4	5.09	
SPT-S J235339-5010.1	5.88	
SPT-S J235434-5815.1	5.48	
SPT-S J235540-5418.5	13.68	
SPT-S J235603-5112.8	3.01	
SPT-S J235718-5153.7	6.26	
SPT-S J235735-5356.2	4.54	
SPT-S J235742-5850.2	5.02	
SPT-S J235744-5935.9	2.54	
SPT-S J235753-5311.2	231.26	
SPT-S J235808-5551.4	2.25	
SPT-S J235811-5135.2	0.0	
SPT-S J235825-5947.5	0.96	
SPT-S J235848-5335.4	0.67	
SPT-S J235856-5106.1	0.0	
SPT-S J235926-5048.0	4.82	
SPT-S J235947-5042.5	13.66	
